Name, Symbol, Mass_Number, Version
Actinium, Ac, 206, 0
Actinium, Ac, 207, 0
Actinium, Ac, 208, 0
Actinium, Ac, 209, 0
Actinium, Ac, 210, 0
Actinium, Ac, 211, 0
Actinium, Ac, 212, 0
Actinium, Ac, 213, 0
Actinium, Ac, 214, 0
Actinium, Ac, 215, 0
Actinium, Ac, 216, 0
Actinium, Ac, 217, 0
Actinium, Ac, 218, 0
Actinium, Ac, 219, 0
Actinium, Ac, 220, 0
Actinium, Ac, 221, 0
Actinium, Ac, 222, 0
Actinium, Ac, 223, 0
Actinium, Ac, 224, 0
Actinium, Ac, 225, 0
Actinium, Ac, 226, 0
Actinium, Ac, 227, 0
Actinium, Ac, 228, 0
Actinium, Ac, 229, 0
Actinium, Ac, 230, 0
Actinium, Ac, 231, 0
Actinium, Ac, 232, 0
Actinium, Ac, 233, 0
Actinium, Ac, 234, 0
Actinium, Ac, 235, 0
Actinium, Ac, 236, 0
Aluminum, Al, 21, 0
Aluminum, Al, 22, 0
Aluminum, Al, 23, 0
Aluminum, Al, 24, 0
Aluminum, Al, 25, 0
Aluminum, Al, 26, 0
Aluminum, Al, 27, 0
Aluminum, Al, 28, 0
Aluminum, Al, 29, 0
Aluminum, Al, 30, 0
Aluminum, Al, 31, 0
Aluminum, Al, 32, 0
Aluminum, Al, 33, 0
Aluminum, Al, 34, 0
Aluminum, Al, 35, 0
Aluminum, Al, 36, 0
Aluminum, Al, 37, 0
Aluminum, Al, 38, 0
Aluminum, Al, 39, 0
Aluminum, Al, 40, 0
Aluminum, Al, 41, 0
Aluminum, Al, 42, 0
Americium, Am, 231, 0
Americium, Am, 232, 0
Americium, Am, 233, 0
Americium, Am, 234, 0
Americium, Am, 235, 0
Americium, Am, 236, 0
Americium, Am, 237, 0
Americium, Am, 238, 0
Americium, Am, 239, 0
Americium, Am, 240, 0
Americium, Am, 241, 0
Americium, Am, 242, 0
Americium, Am, 243, 0
Americium, Am, 244, 0
Americium, Am, 245, 0
Americium, Am, 246, 0
Americium, Am, 247, 0
Americium, Am, 248, 0
Americium, Am, 249, 0
Antimony, Sb, 103, 0
Antimony, Sb, 104, 0
Antimony, Sb, 105, 0
Antimony, Sb, 106, 0
Antimony, Sb, 107, 0
Antimony, Sb, 108, 0
Antimony, Sb, 109, 0
Antimony, Sb, 110, 0
Antimony, Sb, 111, 0
Antimony, Sb, 112, 0
Antimony, Sb, 113, 0
Antimony, Sb, 114, 0
Antimony, Sb, 115, 0
Antimony, Sb, 116, 0
Antimony, Sb, 117, 0
Antimony, Sb, 118, 0
Antimony, Sb, 119, 0
Antimony, Sb, 120, 0
Antimony, Sb, 121, 0
Antimony, Sb, 122, 0
Antimony, Sb, 123, 0
Antimony, Sb, 124, 0
Antimony, Sb, 125, 0
Antimony, Sb, 126, 0
Antimony, Sb, 127, 0
Antimony, Sb, 128, 0
Antimony, Sb, 129, 0
Antimony, Sb, 130, 0
Antimony, Sb, 131, 0
Antimony, Sb, 132, 0
Antimony, Sb, 133, 0
Antimony, Sb, 134, 0
Antimony, Sb, 135, 0
Antimony, Sb, 136, 0
Antimony, Sb, 137, 0
Antimony, Sb, 138, 0
Antimony, Sb, 139, 0
Argon, Ar, 30, 0
Argon, Ar, 31, 0
Argon, Ar, 32, 0
Argon, Ar, 33, 0
Argon, Ar, 34, 0
Argon, Ar, 35, 0
Argon, Ar, 36, 0
Argon, Ar, 37, 0
Argon, Ar, 38, 0
Argon, Ar, 39, 0
Argon, Ar, 40, 0
Argon, Ar, 41, 0
Argon, Ar, 42, 0
Argon, Ar, 43, 0
Argon, Ar, 44, 0
Argon, Ar, 45, 0
Argon, Ar, 46, 0
Argon, Ar, 47, 0
Argon, Ar, 48, 0
Argon, Ar, 49, 0
Argon, Ar, 50, 0
Argon, Ar, 51, 0
Argon, Ar, 52, 0
Argon, Ar, 53, 0
Arsenic, As, 60, 0
Arsenic, As, 61, 0
Arsenic, As, 62, 0
Arsenic, As, 63, 0
Arsenic, As, 64, 0
Arsenic, As, 65, 0
Arsenic, As, 66, 0
Arsenic, As, 67, 0
Arsenic, As, 68, 0
Arsenic, As, 69, 0
Arsenic, As, 70, 0
Arsenic, As, 71, 0
Arsenic, As, 72, 0
Arsenic, As, 73, 0
Arsenic, As, 74, 0
Arsenic, As, 75, 0
Arsenic, As, 76, 0
Arsenic, As, 77, 0
Arsenic, As, 78, 0
Arsenic, As, 79, 0
Arsenic, As, 80, 0
Arsenic, As, 81, 0
Arsenic, As, 82, 0
Arsenic, As, 83, 0
Arsenic, As, 84, 0
Arsenic, As, 85, 0
Arsenic, As, 86, 0
Arsenic, As, 87, 0
Arsenic, As, 88, 0
Arsenic, As, 89, 0
Arsenic, As, 90, 0
Arsenic, As, 91, 0
Arsenic, As, 92, 0
Astatine, At, 193, 0
Astatine, At, 194, 0
Astatine, At, 195, 0 
Astatine, At, 196, 0
Astatine, At, 197, 0 
Astatine, At, 198, 0 
Astatine, At, 199, 0 
Astatine, At, 200, 0 
Astatine, At, 201, 0 
Astatine, At, 202, 0
Astatine, At, 203, 0 
Astatine, At, 204, 0 
Astatine, At, 205, 0 
Astatine, At, 206, 0 
Astatine, At, 207, 0 
Astatine, At, 208, 0  
Astatine, At, 209, 0 
Astatine, At, 210, 0 
Astatine, At, 211, 0 
Astatine, At, 212, 0 
Astatine, At, 213, 0 
Astatine, At, 214, 0 
Astatine, At, 215, 0 
Astatine, At, 216, 0 
Astatine, At, 217, 0 
Astatine, At, 218, 0 
Astatine, At, 219, 0 
Astatine, At, 220, 0 
Astatine, At, 221, 0 
Astatine, At, 222, 0
Astatine, At, 223, 0
Barium, Ba, 114, 0
Barium, Ba, 115, 0
Barium, Ba, 116, 0
Barium, Ba, 117, 0
Barium, Ba, 118, 0
Barium, Ba, 119, 0
Barium, Ba, 120, 0
Barium, Ba, 121, 0
Barium, Ba, 122, 0
Barium, Ba, 123, 0
Barium, Ba, 124, 0
Barium, Ba, 125, 0
Barium, Ba, 126, 0
Barium, Ba, 127, 0
Barium, Ba, 128, 0
Barium, Ba, 129, 0
Barium, Ba, 130, 0
Barium, Ba, 131, 0
Barium, Ba, 132, 0
Barium, Ba, 133, 0
Barium, Ba, 134, 0
Barium, Ba, 135, 0
Barium, Ba, 136, 0
Barium, Ba, 137, 0
Barium, Ba, 138, 0
Barium, Ba, 139, 0
Barium, Ba, 140, 0
Barium, Ba, 141, 0
Barium, Ba, 142, 0
Barium, Ba, 143, 0
Barium, Ba, 144, 0
Barium, Ba, 145, 0
Barium, Ba, 146, 0
Barium, Ba, 147, 0
Barium, Ba, 148, 0
Barium, Ba, 149, 0
Barium, Ba, 150, 0
Barium, Ba, 151, 0
Barium, Ba, 152, 0
Barium, Ba, 153, 0
Berkelium, Bk, 235, 0
Berkelium, Bk, 236, 0
Berkelium, Bk, 237, 0
Berkelium, Bk, 238, 0
Berkelium, Bk, 239, 0
Berkelium, Bk, 240, 0
Berkelium, Bk, 241, 0
Berkelium, Bk, 242, 0
Berkelium, Bk, 243, 0
Berkelium, Bk, 244, 0
Berkelium, Bk, 245, 0
Berkelium, Bk, 246, 0
Berkelium, Bk, 247, 0
Berkelium, Bk, 248, 0
Berkelium, Bk, 249, 0
Berkelium, Bk, 250, 0
Berkelium, Bk, 251, 0
Berkelium, Bk, 252, 0
Berkelium, Bk, 253, 0
Berkelium, Bk, 254, 0
Beryllium, Be, 5, 0
Beryllium, Be, 6, 0
Beryllium, Be, 7, 0
Beryllium, Be, 8, 0
Beryllium, Be, 9, 0
Beryllium, Be, 10, 0
Beryllium, Be, 11, 0
Beryllium, Be, 12, 0
Beryllium, Be, 13, 0
Beryllium, Be, 14, 0
Beryllium, Be, 15, 0
Beryllium, Be, 16, 0
Bismuth, Bi, 184, 0
Bismuth, Bi, 185, 0
Bismuth, Bi, 186, 0
Bismuth, Bi, 187, 0
Bismuth, Bi, 188, 0
Bismuth, Bi, 189, 0
Bismuth, Bi, 190, 0
Bismuth, Bi, 191, 0
Bismuth, Bi, 192, 0
Bismuth, Bi, 193, 0
Bismuth, Bi, 194, 0
Bismuth, Bi, 195, 0
Bismuth, Bi, 196, 0
Bismuth, Bi, 197, 0
Bismuth, Bi, 198, 0
Bismuth, Bi, 199, 0
Bismuth, Bi, 200, 0
Bismuth, Bi, 201, 0
Bismuth, Bi, 202, 0
Bismuth, Bi, 203, 0
Bismuth, Bi, 204, 0
Bismuth, Bi, 205, 0
Bismuth, Bi, 206, 0
Bismuth, Bi, 207, 0
Bismuth, Bi, 208, 0
Bismuth, Bi, 209, 0
Bismuth, Bi, 210, 0
Bismuth, Bi, 211, 0
Bismuth, Bi, 212, 0
Bismuth, Bi, 213, 0
Bismuth, Bi, 214, 0
Bismuth, Bi, 215, 0
Bismuth, Bi, 216, 0
Bismuth, Bi, 217, 0
Bismuth, Bi, 218, 0
Bismuth, Bi, 219, 0
Bohrium, Bh, 260, 0
Bohrium, Bh, 261, 0
Bohrium, Bh, 262, 0
Bohrium, Bh, 263, 0
Bohrium, Bh, 264, 0
Bohrium, Bh, 265, 0
Bohrium, Bh, 266, 0
Bohrium, Bh, 267, 0
Bohrium, Bh, 268, 0
Bohrium, Bh, 269, 0
Bohrium, Bh, 270, 0
Bohrium, Bh, 271, 0
Bohrium, Bh, 272, 0
Bohrium, Bh, 273, 0
Bohrium, Bh, 274, 0
Bohrium, Bh, 275, 0
Boron, B, 6, 0
Boron, B, 7, 0
Boron, B, 8, 0
Boron, B, 9, 0
Boron, B, 10, 0
Boron, B, 11, 0
Boron, B, 12, 0
Boron, B, 13, 0
Boron, B, 14, 0
Boron, B, 15, 0
Boron, B, 16, 0
Boron, B, 17, 0
Boron, B, 18, 0
Boron, B, 19, 0
Bromine, Br, 67, 0
Bromine, Br, 68, 0
Bromine, Br, 69, 0
Bromine, Br, 70, 0
Bromine, Br, 71, 0
Bromine, Br, 72, 0
Bromine, Br, 73, 0
Bromine, Br, 74, 0
Bromine, Br, 75, 0
Bromine, Br, 76, 0
Bromine, Br, 77, 0
Bromine, Br, 78, 0
Bromine, Br, 79, 0
Bromine, Br, 80, 0
Bromine, Br, 81, 0
Bromine, Br, 82, 0
Bromine, Br, 83, 0
Bromine, Br, 84, 0
Bromine, Br, 85, 0
Bromine, Br, 86, 0
Bromine, Br, 87, 0
Bromine, Br, 88, 0
Bromine, Br, 89, 0
Bromine, Br, 90, 0
Bromine, Br, 91, 0
Bromine, Br, 92, 0
Bromine, Br, 93, 0
Bromine, Br, 94, 0
Bromine, Br, 95, 0
Bromine, Br, 96, 0
Bromine, Br, 97, 0
Cadmium, Cd, 95, 0
Cadmium, Cd, 96, 0
Cadmium, Cd, 97, 0
Cadmium, Cd, 98, 0
Cadmium, Cd, 99, 0
Cadmium, Cd, 100, 0
Cadmium, Cd, 101, 0
Cadmium, Cd, 102, 0
Cadmium, Cd, 103, 0
Cadmium, Cd, 104, 0
Cadmium, Cd, 105, 0
Cadmium, Cd, 106, 0
Cadmium, Cd, 107, 0
Cadmium, Cd, 108, 0
Cadmium, Cd, 109, 0
Cadmium, Cd, 110, 0
Cadmium, Cd, 111, 0
Cadmium, Cd, 112, 0
Cadmium, Cd, 113, 0
Cadmium, Cd, 114, 0
Cadmium, Cd, 115, 0
Cadmium, Cd, 116, 0
Cadmium, Cd, 117, 0
Cadmium, Cd, 118, 0
Cadmium, Cd, 119, 0
Cadmium, Cd, 120, 0
Cadmium, Cd, 121, 0
Cadmium, Cd, 122, 0
Cadmium, Cd, 123, 0
Cadmium, Cd, 124, 0
Cadmium, Cd, 125, 0
Cadmium, Cd, 126, 0
Cadmium, Cd, 127, 0
Cadmium, Cd, 128, 0
Cadmium, Cd, 129, 0
Cadmium, Cd, 130, 0
Cadmium, Cd, 131, 0
Cadmium, Cd, 132, 0
Calcium, Ca, 34, 0
Calcium, Ca, 35, 0
Calcium, Ca, 36, 0
Calcium, Ca, 37, 0
Calcium, Ca, 38, 0
Calcium, Ca, 39, 0
Calcium, Ca, 40, 0
Calcium, Ca, 41, 0
Calcium, Ca, 42, 0
Calcium, Ca, 43, 0
Calcium, Ca, 44, 0
Calcium, Ca, 45, 0
Calcium, Ca, 46, 0
Calcium, Ca, 47, 0
Calcium, Ca, 48, 0
Calcium, Ca, 49, 0
Calcium, Ca, 50, 0
Calcium, Ca, 51, 0
Calcium, Ca, 52, 0
Calcium, Ca, 53, 0
Calcium, Ca, 54, 0
Calcium, Ca, 55, 0
Calcium, Ca, 56, 0
Calcium, Ca, 57, 0
Californium, Cf, 237, 0
Californium, Cf, 238, 0
Californium, Cf, 239, 0
Californium, Cf, 240, 0
Californium, Cf, 241, 0
Californium, Cf, 242, 0
Californium, Cf, 243, 0
Californium, Cf, 244, 0
Californium, Cf, 245, 0
Californium, Cf, 246, 0
Californium, Cf, 247, 0
Californium, Cf, 248, 0
Californium, Cf, 249, 0
Californium, Cf, 250, 0
Californium, Cf, 251, 0
Californium, Cf, 252, 0
Californium, Cf, 253, 0
Californium, Cf, 254, 0
Californium, Cf, 255, 0
Californium, Cf, 256, 0
Carbon, C, 8, 0
Carbon, C, 9, 0
Carbon, C, 10, 0
Carbon, C, 11, 0
Carbon, C, 12, 0
Carbon, C, 13, 0
Carbon, C, 14, 0
Carbon, C, 15, 0
Carbon, C, 16, 0
Carbon, C, 17, 0
Carbon, C, 18, 0
Carbon, C, 19, 0
Carbon, C, 20, 0
Carbon, C, 21, 0
Carbon, C, 22, 0
Cerium, Ce, 119, 0
Cerium, Ce, 120, 0
Cerium, Ce, 121, 0
Cerium, Ce, 122, 0
Cerium, Ce, 123, 0
Cerium, Ce, 124, 0
Cerium, Ce, 125, 0
Cerium, Ce, 126, 0
Cerium, Ce, 127, 0
Cerium, Ce, 128, 0
Cerium, Ce, 129, 0
Cerium, Ce, 130, 0
Cerium, Ce, 131, 0
Cerium, Ce, 132, 0
Cerium, Ce, 133, 0
Cerium, Ce, 134, 0
Cerium, Ce, 135, 0
Cerium, Ce, 136, 0
Cerium, Ce, 137, 0
Cerium, Ce, 138, 0
Cerium, Ce, 139, 0
Cerium, Ce, 140, 0
Cerium, Ce, 141, 0
Cerium, Ce, 142, 0
Cerium, Ce, 143, 0
Cerium, Ce, 144, 0
Cerium, Ce, 145, 0
Cerium, Ce, 146, 0
Cerium, Ce, 147, 0
Cerium, Ce, 148, 0
Cerium, Ce, 149, 0
Cerium, Ce, 150, 0
Cerium, Ce, 151, 0
Cerium, Ce, 152, 0
Cerium, Ce, 153, 0
Cerium, Ce, 154, 0
Cerium, Ce, 155, 0
Cerium, Ce, 156, 0
Cerium, Ce, 157, 0
Cesium, Cs, 112, 0
Cesium, Cs, 113, 0
Cesium, Cs, 114, 0
Cesium, Cs, 115, 0
Cesium, Cs, 116, 0
Cesium, Cs, 117, 0
Cesium, Cs, 118, 0
Cesium, Cs, 119, 0
Cesium, Cs, 120, 0
Cesium, Cs, 121, 0
Cesium, Cs, 122, 0
Cesium, Cs, 123, 0
Cesium, Cs, 124, 0
Cesium, Cs, 125, 0
Cesium, Cs, 126, 0
Cesium, Cs, 127, 0
Cesium, Cs, 128, 0
Cesium, Cs, 129, 0
Cesium, Cs, 130, 0
Cesium, Cs, 131, 0
Cesium, Cs, 132, 0
Cesium, Cs, 133, 0
Cesium, Cs, 134, 0
Cesium, Cs, 135, 0
Cesium, Cs, 136, 0
Cesium, Cs, 137, 0
Cesium, Cs, 138, 0
Cesium, Cs, 139, 0
Cesium, Cs, 140, 0
Cesium, Cs, 141, 0
Cesium, Cs, 142, 0
Cesium, Cs, 143, 0
Cesium, Cs, 144, 0
Cesium, Cs, 145, 0
Cesium, Cs, 146, 0
Cesium, Cs, 147, 0
Cesium, Cs, 148, 0
Cesium, Cs, 149, 0
Cesium, Cs, 150, 0
Cesium, Cs, 151, 0
Chlorine, Cl, 28, 0
Chlorine, Cl, 29, 0
Chlorine, Cl, 30, 0
Chlorine, Cl, 31, 0
Chlorine, Cl, 32, 0
Chlorine, Cl, 33, 0
Chlorine, Cl, 34, 0
Chlorine, Cl, 35, 0
Chlorine, Cl, 36, 0
Chlorine, Cl, 37, 0
Chlorine, Cl, 38, 0
Chlorine, Cl, 39, 0
Chlorine, Cl, 40, 0
Chlorine, Cl, 41, 0
Chlorine, Cl, 42, 0
Chlorine, Cl, 43, 0
Chlorine, Cl, 44, 0
Chlorine, Cl, 45, 0
Chlorine, Cl, 46, 0
Chlorine, Cl, 47, 0
Chlorine, Cl, 48, 0
Chlorine, Cl, 49, 0
Chlorine, Cl, 50, 0
Chlorine, Cl, 51, 0
Chromium, Cr, 42, 0
Chromium, Cr, 43, 0
Chromium, Cr, 44, 0
Chromium, Cr, 45, 0
Chromium, Cr, 46, 0
Chromium, Cr, 47, 0
Chromium, Cr, 48, 0
Chromium, Cr, 49, 0
Chromium, Cr, 50, 0
Chromium, Cr, 51, 0
Chromium, Cr, 52, 0
Chromium, Cr, 53, 0
Chromium, Cr, 54, 0
Chromium, Cr, 55, 0
Chromium, Cr, 56, 0
Chromium, Cr, 57, 0
Chromium, Cr, 58, 0
Chromium, Cr, 59, 0
Chromium, Cr, 60, 0
Chromium, Cr, 61, 0
Chromium, Cr, 62, 0
Chromium, Cr, 63, 0
Chromium, Cr, 64, 0
Chromium, Cr, 65, 0
Chromium, Cr, 66, 0
Chromium, Cr, 67, 0
Cobalt, Co, 47, 0
Cobalt, Co, 48, 0
Cobalt, Co, 49, 0
Cobalt, Co, 50, 0
Cobalt, Co, 51, 0
Cobalt, Co, 52, 0
Cobalt, Co, 53, 0
Cobalt, Co, 54, 0
Cobalt, Co, 55, 0
Cobalt, Co, 56, 0
Cobalt, Co, 57, 0
Cobalt, Co, 58, 0
Cobalt, Co, 59, 0
Cobalt, Co, 60, 0
Cobalt, Co, 61, 0
Cobalt, Co, 62, 0
Cobalt, Co, 63, 0
Cobalt, Co, 64, 0
Cobalt, Co, 65, 0
Cobalt, Co, 66, 0
Cobalt, Co, 67, 0
Cobalt, Co, 68, 0
Cobalt, Co, 69, 0
Cobalt, Co, 70, 0
Cobalt, Co, 71, 0
Cobalt, Co, 72, 0
Cobalt, Co, 73, 0
Cobalt, Co, 74, 0
Cobalt, Co, 75, 0
Copernicium, Cn, 277, 0
Copernicium, Cn, 278, 0
Copernicium, Cn, 279, 0
Copernicium, Cn, 280, 0
Copernicium, Cn, 281, 0
Copernicium, Cn, 282, 0
Copernicium, Cn, 283, 0
Copernicium, Cn, 284, 0
Copernicium, Cn, 285, 0
Copper, Cu, 52, 0
Copper, Cu, 53, 0
Copper, Cu, 54, 0
Copper, Cu, 55, 0
Copper, Cu, 56, 0
Copper, Cu, 57, 0
Copper, Cu, 58, 0
Copper, Cu, 59, 0
Copper, Cu, 60, 0
Copper, Cu, 61, 0
Copper, Cu, 62, 0
Copper, Cu, 63, 0
Copper, Cu, 64, 0
Copper, Cu, 65, 0
Copper, Cu, 66, 0
Copper, Cu, 67, 0
Copper, Cu, 68, 0
Copper, Cu, 69, 0
Copper, Cu, 70, 0
Copper, Cu, 71, 0
Copper, Cu, 72, 0
Copper, Cu, 73, 0
Copper, Cu, 74, 0
Copper, Cu, 75, 0
Copper, Cu, 76, 0
Copper, Cu, 77, 0
Copper, Cu, 78, 0
Copper, Cu, 79, 0
Copper, Cu, 80, 0
Curium, Cm, 233, 0
Curium, Cm, 234, 0
Curium, Cm, 235, 0
Curium, Cm, 236, 0
Curium, Cm, 237, 0
Curium, Cm, 238, 0
Curium, Cm, 239, 0
Curium, Cm, 240, 0
Curium, Cm, 241, 0
Curium, Cm, 242, 0
Curium, Cm, 243, 0
Curium, Cm, 244, 0
Curium, Cm, 245, 0
Curium, Cm, 246, 0
Curium, Cm, 247, 0
Curium, Cm, 248, 0
Curium, Cm, 249, 0
Curium, Cm, 250, 0
Curium, Cm, 251, 0
Curium, Cm, 252, 0
Darmstadtium, Ds, 267, 0
Darmstadtium, Ds, 268, 0
Darmstadtium, Ds, 269, 0
Darmstadtium, Ds, 270, 0
Darmstadtium, Ds, 271, 0
Darmstadtium, Ds, 272, 0
Darmstadtium, Ds, 273, 0
Darmstadtium, Ds, 274, 0
Darmstadtium, Ds, 275, 0
Darmstadtium, Ds, 276, 0
Darmstadtium, Ds, 277, 0
Darmstadtium, Ds, 278, 0
Darmstadtium, Ds, 279, 0
Darmstadtium, Ds, 280, 0
Darmstadtium, Ds, 281, 0
Dubnium, Db, 255, 0
Dubnium, Db, 256, 0
Dubnium, Db, 257, 0
Dubnium, Db, 258, 0
Dubnium, Db, 259, 0
Dubnium, Db, 260, 0
Dubnium, Db, 261, 0
Dubnium, Db, 262, 0
Dubnium, Db, 263, 0
Dubnium, Db, 264, 0
Dubnium, Db, 265, 0
Dubnium, Db, 266, 0
Dubnium, Db, 267, 0
Dubnium, Db, 268, 0
Dubnium, Db, 269, 0
Dubnium, Db, 270, 0
Dysprosium, Dy, 138, 0
Dysprosium, Dy, 139, 0
Dysprosium, Dy, 140, 0
Dysprosium, Dy, 141, 0
Dysprosium, Dy, 142, 0
Dysprosium, Dy, 143, 0
Dysprosium, Dy, 144, 0
Dysprosium, Dy, 145, 0
Dysprosium, Dy, 146, 0
Dysprosium, Dy, 147, 0
Dysprosium, Dy, 148, 0
Dysprosium, Dy, 149, 0
Dysprosium, Dy, 150, 0
Dysprosium, Dy, 151, 0
Dysprosium, Dy, 152, 0
Dysprosium, Dy, 153, 0
Dysprosium, Dy, 154, 0
Dysprosium, Dy, 155, 0
Dysprosium, Dy, 156, 0
Dysprosium, Dy, 157, 0
Dysprosium, Dy, 158, 0
Dysprosium, Dy, 159, 0
Dysprosium, Dy, 160, 0
Dysprosium, Dy, 161, 0
Dysprosium, Dy, 162, 0
Dysprosium, Dy, 163, 0
Dysprosium, Dy, 164, 0
Dysprosium, Dy, 165, 0
Dysprosium, Dy, 166, 0
Dysprosium, Dy, 167, 0
Dysprosium, Dy, 168, 0
Dysprosium, Dy, 169, 0
Dysprosium, Dy, 170, 0
Dysprosium, Dy, 171, 0
Dysprosium, Dy, 172, 0
Dysprosium, Dy, 173, 0
Einsteinium, Es, 240, 0
Einsteinium, Es, 241, 0
Einsteinium, Es, 242, 0
Einsteinium, Es, 243, 0
Einsteinium, Es, 244, 0
Einsteinium, Es, 245, 0
Einsteinium, Es, 246, 0
Einsteinium, Es, 247, 0
Einsteinium, Es, 248, 0
Einsteinium, Es, 249, 0
Einsteinium, Es, 250, 0
Einsteinium, Es, 251, 0
Einsteinium, Es, 252, 0
Einsteinium, Es, 253, 0
Einsteinium, Es, 254, 0
Einsteinium, Es, 255, 0
Einsteinium, Es, 256, 0
Einsteinium, Es, 257, 0
Einsteinium, Es, 258, 0
Erbium, Er, 143, 0
Erbium, Er, 144, 0
Erbium, Er, 145, 0
Erbium, Er, 146, 0
Erbium, Er, 147, 0
Erbium, Er, 148, 0
Erbium, Er, 149, 0
Erbium, Er, 150, 0
Erbium, Er, 151, 0
Erbium, Er, 152, 0
Erbium, Er, 153, 0
Erbium, Er, 154, 0
Erbium, Er, 155, 0
Erbium, Er, 156, 0
Erbium, Er, 157, 0
Erbium, Er, 158, 0
Erbium, Er, 159, 0
Erbium, Er, 160, 0
Erbium, Er, 161, 0
Erbium, Er, 162, 0
Erbium, Er, 163, 0
Erbium, Er, 164, 0
Erbium, Er, 165, 0
Erbium, Er, 166, 0
Erbium, Er, 167, 0
Erbium, Er, 168, 0
Erbium, Er, 169, 0
Erbium, Er, 170, 0
Erbium, Er, 171, 0
Erbium, Er, 172, 0
Erbium, Er, 173, 0
Erbium, Er, 174, 0
Erbium, Er, 175, 0
Erbium, Er, 176, 0
Erbium, Er, 177, 0
Europium, Eu, 130, 0
Europium, Eu, 131, 0
Europium, Eu, 132, 0
Europium, Eu, 133, 0
Europium, Eu, 134, 0
Europium, Eu, 135, 0
Europium, Eu, 136, 0
Europium, Eu, 137, 0
Europium, Eu, 138, 0
Europium, Eu, 139, 0
Europium, Eu, 140, 0
Europium, Eu, 141, 0
Europium, Eu, 142, 0
Europium, Eu, 143, 0
Europium, Eu, 144, 0
Europium, Eu, 145, 0
Europium, Eu, 146, 0
Europium, Eu, 147, 0
Europium, Eu, 148, 0
Europium, Eu, 149, 0
Europium, Eu, 150, 0
Europium, Eu, 151, 0
Europium, Eu, 152, 0
Europium, Eu, 153, 0
Europium, Eu, 154, 0
Europium, Eu, 155, 0
Europium, Eu, 156, 0
Europium, Eu, 157, 0
Europium, Eu, 158, 0
Europium, Eu, 159, 0
Europium, Eu, 160, 0
Europium, Eu, 161, 0
Europium, Eu, 162, 0
Europium, Eu, 163, 0
Europium, Eu, 164, 0
Europium, Eu, 165, 0
Europium, Eu, 166, 0
Europium, Eu, 167, 0
Fermium, Fm, 242, 0
Fermium, Fm, 243, 0
Fermium, Fm, 244, 0
Fermium, Fm, 245, 0
Fermium, Fm, 246, 0
Fermium, Fm, 247, 0
Fermium, Fm, 248, 0
Fermium, Fm, 249, 0
Fermium, Fm, 250, 0
Fermium, Fm, 251, 0
Fermium, Fm, 252, 0
Fermium, Fm, 253, 0
Fermium, Fm, 254, 0
Fermium, Fm, 255, 0
Fermium, Fm, 256, 0
Fermium, Fm, 257, 0
Fermium, Fm, 258, 0
Fermium, Fm, 259, 0
Fermium, Fm, 260, 0
Flerovium, Fl, 285, 0
Flerovium, Fl, 286, 0
Flerovium, Fl, 287, 0
Flerovium, Fl, 288, 0
Flerovium, Fl, 289, 0
Fluorine, F, 14, 0
Fluorine, F, 15, 0
Fluorine, F, 16, 0
Fluorine, F, 17, 0
Fluorine, F, 18, 0
Fluorine, F, 19, 0
Fluorine, F, 20, 0
Fluorine, F, 21, 0
Fluorine, F, 22, 0
Fluorine, F, 23, 0
Fluorine, F, 24, 0
Fluorine, F, 25, 0
Fluorine, F, 26, 0
Fluorine, F, 27, 0
Fluorine, F, 28, 0
Fluorine, F, 29, 0
Fluorine, F, 30, 0
Fluorine, F, 31, 0
Francium, Fr, 199, 0
Francium, Fr, 200, 0
Francium, Fr, 201, 0
Francium, Fr, 202, 0
Francium, Fr, 203, 0
Francium, Fr, 204, 0
Francium, Fr, 205, 0
Francium, Fr, 206, 0
Francium, Fr, 207, 0
Francium, Fr, 208, 0
Francium, Fr, 209, 0
Francium, Fr, 210, 0
Francium, Fr, 211, 0
Francium, Fr, 212, 0
Francium, Fr, 213, 0
Francium, Fr, 214, 0
Francium, Fr, 215, 0
Francium, Fr, 216, 0
Francium, Fr, 217, 0
Francium, Fr, 218, 0
Francium, Fr, 219, 0
Francium, Fr, 220, 0
Francium, Fr, 221, 0
Francium, Fr, 222, 0
Francium, Fr, 223, 0
Francium, Fr, 224, 0
Francium, Fr, 225, 0
Francium, Fr, 226, 0
Francium, Fr, 227, 0
Francium, Fr, 228, 0
Francium, Fr, 229, 0
Francium, Fr, 230, 0
Francium, Fr, 231, 0
Francium, Fr, 232, 0
Gadolinium, Gd, 134, 0
Gadolinium, Gd, 135, 0
Gadolinium, Gd, 136, 0
Gadolinium, Gd, 137, 0
Gadolinium, Gd, 138, 0
Gadolinium, Gd, 139, 0
Gadolinium, Gd, 140, 0
Gadolinium, Gd, 141, 0
Gadolinium, Gd, 142, 0
Gadolinium, Gd, 143, 0
Gadolinium, Gd, 144, 0
Gadolinium, Gd, 145, 0
Gadolinium, Gd, 146, 0
Gadolinium, Gd, 147, 0
Gadolinium, Gd, 148, 0
Gadolinium, Gd, 149, 0
Gadolinium, Gd, 150, 0
Gadolinium, Gd, 151, 0
Gadolinium, Gd, 152, 0
Gadolinium, Gd, 153, 0
Gadolinium, Gd, 154, 0
Gadolinium, Gd, 155, 0
Gadolinium, Gd, 156, 0
Gadolinium, Gd, 157, 0
Gadolinium, Gd, 158, 0
Gadolinium, Gd, 159, 0
Gadolinium, Gd, 160, 0
Gadolinium, Gd, 161, 0
Gadolinium, Gd, 162, 0
Gadolinium, Gd, 163, 0
Gadolinium, Gd, 164, 0
Gadolinium, Gd, 165, 0
Gadolinium, Gd, 166, 0
Gadolinium, Gd, 167, 0
Gadolinium, Gd, 168, 0
Gadolinium, Gd, 169, 0
Gallium, Ga, 56, 0
Gallium, Ga, 57, 0
Gallium, Ga, 58, 0
Gallium, Ga, 59, 0
Gallium, Ga, 60, 0
Gallium, Ga, 61, 0
Gallium, Ga, 62, 0
Gallium, Ga, 63, 0
Gallium, Ga, 64, 0
Gallium, Ga, 65, 0
Gallium, Ga, 66, 0
Gallium, Ga, 67, 0
Gallium, Ga, 68, 0
Gallium, Ga, 69, 0
Gallium, Ga, 70, 0
Gallium, Ga, 71, 0
Gallium, Ga, 72, 0
Gallium, Ga, 73, 0
Gallium, Ga, 74, 0
Gallium, Ga, 75, 0
Gallium, Ga, 76, 0
Gallium, Ga, 77, 0
Gallium, Ga, 78, 0
Gallium, Ga, 79, 0
Gallium, Ga, 80, 0
Gallium, Ga, 81, 0
Gallium, Ga, 82, 0
Gallium, Ga, 83, 0
Gallium, Ga, 84, 0
Gallium, Ga, 85, 0
Gallium, Ga, 86, 0
Germanium, Ge, 58, 0
Germanium, Ge, 59, 0
Germanium, Ge, 60, 0
Germanium, Ge, 61, 0
Germanium, Ge, 62, 0
Germanium, Ge, 63, 0
Germanium, Ge, 64, 0
Germanium, Ge, 65, 0
Germanium, Ge, 66, 0
Germanium, Ge, 67, 0
Germanium, Ge, 68, 0
Germanium, Ge, 69, 0
Germanium, Ge, 70, 0
Germanium, Ge, 71, 0
Germanium, Ge, 72, 0
Germanium, Ge, 73, 0
Germanium, Ge, 74, 0
Germanium, Ge, 75, 0
Germanium, Ge, 76, 0
Germanium, Ge, 77, 0
Germanium, Ge, 78, 0
Germanium, Ge, 79, 0
Germanium, Ge, 80, 0
Germanium, Ge, 81, 0
Germanium, Ge, 82, 0
Germanium, Ge, 83, 0
Germanium, Ge, 84, 0
Germanium, Ge, 85, 0
Germanium, Ge, 86, 0
Germanium, Ge, 87, 0
Germanium, Ge, 88, 0
Germanium, Ge, 89, 0
Gold, Au, 169, 0
Gold, Au, 170, 0
Gold, Au, 171, 0
Gold, Au, 172, 0
Gold, Au, 173, 0
Gold, Au, 174, 0
Gold, Au, 175, 0
Gold, Au, 176, 0
Gold, Au, 177, 0
Gold, Au, 178, 0
Gold, Au, 179, 0
Gold, Au, 180, 0
Gold, Au, 181, 0
Gold, Au, 182, 0
Gold, Au, 183, 0
Gold, Au, 184, 0
Gold, Au, 185, 0
Gold, Au, 186, 0
Gold, Au, 187, 0
Gold, Au, 188, 0
Gold, Au, 189, 0
Gold, Au, 190, 0
Gold, Au, 191, 0
Gold, Au, 192, 0
Gold, Au, 193, 0
Gold, Au, 194, 0
Gold, Au, 195, 0
Gold, Au, 196, 0
Gold, Au, 197, 0
Gold, Au, 198, 0
Gold, Au, 199, 0
Gold, Au, 200, 0
Gold, Au, 201, 0
Gold, Au, 202, 0
Gold, Au, 203, 0
Gold, Au, 204, 0
Gold, Au, 205, 0
Hafnium, Hf, 153, 0
Hafnium, Hf, 154, 0
Hafnium, Hf, 155, 0
Hafnium, Hf, 156, 0
Hafnium, Hf, 157, 0
Hafnium, Hf, 158, 0
Hafnium, Hf, 159, 0
Hafnium, Hf, 160, 0
Hafnium, Hf, 161, 0
Hafnium, Hf, 162, 0
Hafnium, Hf, 163, 0
Hafnium, Hf, 164, 0
Hafnium, Hf, 165, 0
Hafnium, Hf, 166, 0
Hafnium, Hf, 167, 0
Hafnium, Hf, 168, 0
Hafnium, Hf, 169, 0
Hafnium, Hf, 170, 0
Hafnium, Hf, 171, 0
Hafnium, Hf, 172, 0
Hafnium, Hf, 173, 0
Hafnium, Hf, 174, 0
Hafnium, Hf, 175, 0
Hafnium, Hf, 176, 0
Hafnium, Hf, 177, 0
Hafnium, Hf, 178, 0
Hafnium, Hf, 179, 0
Hafnium, Hf, 180, 0
Hafnium, Hf, 181, 0
Hafnium, Hf, 182, 0
Hafnium, Hf, 183, 0
Hafnium, Hf, 184, 0
Hafnium, Hf, 185, 0
Hafnium, Hf, 186, 0
Hafnium, Hf, 187, 0
Hafnium, Hf, 188, 0
Hassium, Hs, 263, 0
Hassium, Hs, 264, 0
Hassium, Hs, 265, 0
Hassium, Hs, 266, 0
Hassium, Hs, 267, 0
Hassium, Hs, 268, 0
Hassium, Hs, 269, 0
Hassium, Hs, 270, 0
Hassium, Hs, 271, 0
Hassium, Hs, 272, 0
Hassium, Hs, 273, 0
Hassium, Hs, 274, 0
Hassium, Hs, 275, 0
Hassium, Hs, 276, 0
Hassium, Hs, 277, 0
Helium, He, 2, 0
Helium, He, 3, 0
Helium, He, 4, 0
Helium, He, 5, 0
Helium, He, 6, 0
Helium, He, 7, 0
Helium, He, 8, 0
Helium, He, 9, 0
Helium, He, 10, 0
Holmium, Ho, 140, 0
Holmium, Ho, 141, 0
Holmium, Ho, 142, 0
Holmium, Ho, 143, 0
Holmium, Ho, 144, 0
Holmium, Ho, 145, 0
Holmium, Ho, 146, 0
Holmium, Ho, 147, 0
Holmium, Ho, 148, 0
Holmium, Ho, 149, 0
Holmium, Ho, 150, 0
Holmium, Ho, 151, 0
Holmium, Ho, 152, 0
Holmium, Ho, 153, 0
Holmium, Ho, 154, 0
Holmium, Ho, 155, 0
Holmium, Ho, 156, 0
Holmium, Ho, 157, 0
Holmium, Ho, 158, 0
Holmium, Ho, 159, 0
Holmium, Ho, 160, 0
Holmium, Ho, 161, 0
Holmium, Ho, 162, 0
Holmium, Ho, 163, 0
Holmium, Ho, 164, 0
Holmium, Ho, 165, 0
Holmium, Ho, 166, 0
Holmium, Ho, 167, 0
Holmium, Ho, 168, 0
Holmium, Ho, 169, 0
Holmium, Ho, 170, 0
Holmium, Ho, 171, 0
Holmium, Ho, 172, 0
Holmium, Ho, 173, 0
Holmium, Ho, 174, 0
Holmium, Ho, 175, 0
Hydrogen, H, 1, 0
Hydrogen, H, 2, 0
Hydrogen, H, 3, 0
Hydrogen, H, 4, 0
Hydrogen, H, 5, 0
Hydrogen, H, 6, 0
Hydrogen, H, 7, 0
Indium, In, 97, 0
Indium, In, 98, 0
Indium, In, 99, 0
Indium, In, 100, 0
Indium, In, 101, 0
Indium, In, 102, 0
Indium, In, 103, 0
Indium, In, 104, 0
Indium, In, 105, 0
Indium, In, 106, 0
Indium, In, 107, 0
Indium, In, 108, 0
Indium, In, 109, 0
Indium, In, 110, 0
Indium, In, 111, 0
Indium, In, 112, 0
Indium, In, 113, 0
Indium, In, 114, 0
Indium, In, 115, 0
Indium, In, 116, 0
Indium, In, 117, 0
Indium, In, 118, 0
Indium, In, 119, 0
Indium, In, 120, 0
Indium, In, 121, 0
Indium, In, 122, 0
Indium, In, 123, 0
Indium, In, 124, 0
Indium, In, 125, 0
Indium, In, 126, 0
Indium, In, 127, 0
Indium, In, 128, 0
Indium, In, 129, 0
Indium, In, 130, 0
Indium, In, 131, 0
Indium, In, 132, 0
Indium, In, 133, 0
Indium, In, 134, 0
Indium, In, 135, 0
Iodine, I, 108, 0
Iodine, I, 109, 0
Iodine, I, 110, 0
Iodine, I, 111, 0
Iodine, I, 112, 0
Iodine, I, 113, 0
Iodine, I, 114, 0
Iodine, I, 115, 0
Iodine, I, 116, 0
Iodine, I, 117, 0
Iodine, I, 118, 0
Iodine, I, 119, 0
Iodine, I, 120, 0
Iodine, I, 121, 0
Iodine, I, 122, 0
Iodine, I, 123, 0
Iodine, I, 124, 0
Iodine, I, 125, 0
Iodine, I, 126, 0
Iodine, I, 127, 0
Iodine, I, 128, 0
Iodine, I, 129, 0
Iodine, I, 130, 0
Iodine, I, 131, 0
Iodine, I, 132, 0
Iodine, I, 133, 0
Iodine, I, 134, 0
Iodine, I, 135, 0
Iodine, I, 136, 0
Iodine, I, 137, 0
Iodine, I, 138, 0
Iodine, I, 139, 0
Iodine, I, 140, 0
Iodine, I, 141, 0
Iodine, I, 142, 0
Iodine, I, 143, 0
Iodine, I, 144, 0
Iridium, Ir, 164, 0
Iridium, Ir, 165, 0
Iridium, Ir, 166, 0
Iridium, Ir, 167, 0
Iridium, Ir, 168, 0
Iridium, Ir, 169, 0
Iridium, Ir, 170, 0
Iridium, Ir, 171, 0
Iridium, Ir, 172, 0
Iridium, Ir, 173, 0
Iridium, Ir, 174, 0
Iridium, Ir, 175, 0
Iridium, Ir, 176, 0
Iridium, Ir, 177, 0
Iridium, Ir, 178, 0
Iridium, Ir, 179, 0
Iridium, Ir, 180, 0
Iridium, Ir, 181, 0
Iridium, Ir, 182, 0
Iridium, Ir, 183, 0
Iridium, Ir, 184, 0
Iridium, Ir, 185, 0
Iridium, Ir, 186, 0
Iridium, Ir, 187, 0
Iridium, Ir, 188, 0
Iridium, Ir, 189, 0
Iridium, Ir, 190, 0
Iridium, Ir, 191, 0
Iridium, Ir, 192, 0
Iridium, Ir, 193, 0
Iridium, Ir, 194, 0
Iridium, Ir, 195, 0
Iridium, Ir, 196, 0
Iridium, Ir, 197, 0
Iridium, Ir, 198, 0
Iridium, Ir, 199, 0
Iron, Fe, 45, 0
Iron, Fe, 46, 0
Iron, Fe, 47, 0
Iron, Fe, 48, 0
Iron, Fe, 49, 0
Iron, Fe, 50, 0
Iron, Fe, 51, 0
Iron, Fe, 52, 0
Iron, Fe, 53, 0
Iron, Fe, 54, 0
Iron, Fe, 55, 0
Iron, Fe, 56, 0
Iron, Fe, 57, 0
Iron, Fe, 58, 0
Iron, Fe, 59, 0
Iron, Fe, 60, 0
Iron, Fe, 61, 0
Iron, Fe, 62, 0
Iron, Fe, 63, 0
Iron, Fe, 64, 0
Iron, Fe, 65, 0
Iron, Fe, 66, 0
Iron, Fe, 67, 0
Iron, Fe, 68, 0
Iron, Fe, 69, 0
Iron, Fe, 70, 0
Iron, Fe, 71, 0
Iron, Fe, 72, 0
Krypton, Kr, 69, 0
Krypton, Kr, 70, 0
Krypton, Kr, 71, 0
Krypton, Kr, 72, 0
Krypton, Kr, 73, 0
Krypton, Kr, 74, 0
Krypton, Kr, 75, 0
Krypton, Kr, 76, 0
Krypton, Kr, 77, 0
Krypton, Kr, 78, 0
Krypton, Kr, 79, 0
Krypton, Kr, 80, 0
Krypton, Kr, 81, 0
Krypton, Kr, 82, 0
Krypton, Kr, 83, 0
Krypton, Kr, 84, 0
Krypton, Kr, 85, 0
Krypton, Kr, 86, 0
Krypton, Kr, 87, 0
Krypton, Kr, 88, 0
Krypton, Kr, 89, 0
Krypton, Kr, 90, 0
Krypton, Kr, 91, 0
Krypton, Kr, 92, 0
Krypton, Kr, 93, 0
Krypton, Kr, 94, 0
Krypton, Kr, 95, 0
Krypton, Kr, 96, 0
Krypton, Kr, 97, 0
Krypton, Kr, 98, 0
Krypton, Kr, 99, 0
Krypton, Kr, 100, 0
Lanthanum, La, 117, 0
Lanthanum, La, 118, 0
Lanthanum, La, 119, 0
Lanthanum, La, 120, 0
Lanthanum, La, 121, 0
Lanthanum, La, 122, 0
Lanthanum, La, 123, 0
Lanthanum, La, 124, 0
Lanthanum, La, 125, 0
Lanthanum, La, 126, 0
Lanthanum, La, 127, 0
Lanthanum, La, 128, 0
Lanthanum, La, 129, 0
Lanthanum, La, 130, 0
Lanthanum, La, 131, 0
Lanthanum, La, 132, 0
Lanthanum, La, 133, 0
Lanthanum, La, 134, 0
Lanthanum, La, 135, 0
Lanthanum, La, 136, 0
Lanthanum, La, 137, 0
Lanthanum, La, 138, 0
Lanthanum, La, 139, 0
Lanthanum, La, 140, 0
Lanthanum, La, 141, 0
Lanthanum, La, 142, 0
Lanthanum, La, 143, 0
Lanthanum, La, 144, 0
Lanthanum, La, 145, 0
Lanthanum, La, 146, 0
Lanthanum, La, 147, 0
Lanthanum, La, 148, 0
Lanthanum, La, 149, 0
Lanthanum, La, 150, 0
Lanthanum, La, 151, 0
Lanthanum, La, 152, 0
Lanthanum, La, 153, 0
Lanthanum, La, 154, 0
Lanthanum, La, 155, 0
Lawrencium, Lr, 251, 0
Lawrencium, Lr, 252, 0
Lawrencium, Lr, 253, 0
Lawrencium, Lr, 254, 0
Lawrencium, Lr, 255, 0
Lawrencium, Lr, 256, 0
Lawrencium, Lr, 257, 0
Lawrencium, Lr, 258, 0
Lawrencium, Lr, 259, 0
Lawrencium, Lr, 260, 0
Lawrencium, Lr, 261, 0
Lawrencium, Lr, 262, 0
Lawrencium, Lr, 263, 0
Lawrencium, Lr, 264, 0
Lawrencium, Lr, 265, 0
Lawrencium, Lr, 266, 0
Lead, Pb, 178, 0
Lead, Pb, 179, 0
Lead, Pb, 180, 0
Lead, Pb, 181, 0
Lead, Pb, 182, 0
Lead, Pb, 183, 0
Lead, Pb, 184, 0
Lead, Pb, 185, 0
Lead, Pb, 186, 0
Lead, Pb, 187, 0
Lead, Pb, 188, 0
Lead, Pb, 189, 0
Lead, Pb, 190, 0
Lead, Pb, 191, 0
Lead, Pb, 192, 0
Lead, Pb, 193, 0
Lead, Pb, 194, 0
Lead, Pb, 195, 0
Lead, Pb, 196, 0
Lead, Pb, 197, 0
Lead, Pb, 198, 0
Lead, Pb, 199, 0
Lead, Pb, 200, 0
Lead, Pb, 201, 0
Lead, Pb, 202, 0
Lead, Pb, 203, 0
Lead, Pb, 204, 0
Lead, Pb, 205, 0
Lead, Pb, 206, 0
Lead, Pb, 207, 0
Lead, Pb, 208, 0
Lead, Pb, 209, 0
Lead, Pb, 210, 0
Lead, Pb, 211, 0
Lead, Pb, 212, 0
Lead, Pb, 213, 0
Lead, Pb, 214, 0
Lead, Pb, 215, 0
Lithium, Li, 3, 0
Lithium, Li, 4, 0
Lithium, Li, 5, 0
Lithium, Li, 6, 0
Lithium, Li, 7, 0
Lithium, Li, 8, 0
Lithium, Li, 9, 0
Lithium, Li, 10, 0
Lithium, Li, 11, 0
Lithium, Li, 12, 0
Livermorium, Lv, 289, 0
Livermorium, Lv, 290, 0
Livermorium, Lv, 291, 0
Livermorium, Lv, 292, 0
Lutetium, Lu, 150, 0
Lutetium, Lu, 151, 0
Lutetium, Lu, 152, 0
Lutetium, Lu, 153, 0
Lutetium, Lu, 154, 0
Lutetium, Lu, 155, 0
Lutetium, Lu, 156, 0
Lutetium, Lu, 157, 0
Lutetium, Lu, 158, 0
Lutetium, Lu, 159, 0
Lutetium, Lu, 160, 0
Lutetium, Lu, 161, 0
Lutetium, Lu, 162, 0
Lutetium, Lu, 163, 0
Lutetium, Lu, 164, 0
Lutetium, Lu, 165, 0
Lutetium, Lu, 166, 0
Lutetium, Lu, 167, 0
Lutetium, Lu, 168, 0
Lutetium, Lu, 169, 0
Lutetium, Lu, 170, 0
Lutetium, Lu, 171, 0
Lutetium, Lu, 172, 0
Lutetium, Lu, 173, 0
Lutetium, Lu, 174, 0
Lutetium, Lu, 175, 0
Lutetium, Lu, 176, 0
Lutetium, Lu, 177, 0
Lutetium, Lu, 178, 0
Lutetium, Lu, 179, 0
Lutetium, Lu, 180, 0
Lutetium, Lu, 181, 0
Lutetium, Lu, 182, 0
Lutetium, Lu, 183, 0
Lutetium, Lu, 184, 0
Magnesium, Mg, 19, 0
Magnesium, Mg, 20, 0
Magnesium, Mg, 21, 0
Magnesium, Mg, 22, 0
Magnesium, Mg, 23, 0
Magnesium, Mg, 24, 0
Magnesium, Mg, 25, 0
Magnesium, Mg, 26, 0
Magnesium, Mg, 27, 0
Magnesium, Mg, 28, 0
Magnesium, Mg, 29, 0
Magnesium, Mg, 30, 0
Magnesium, Mg, 31, 0
Magnesium, Mg, 32, 0
Magnesium, Mg, 33, 0
Magnesium, Mg, 34, 0
Magnesium, Mg, 35, 0
Magnesium, Mg, 36, 0
Magnesium, Mg, 37, 0
Magnesium, Mg, 38, 0
Magnesium, Mg, 39, 0
Magnesium, Mg, 40, 0
Manganese, Mn, 44, 0
Manganese, Mn, 45, 0
Manganese, Mn, 46, 0
Manganese, Mn, 47, 0
Manganese, Mn, 48, 0
Manganese, Mn, 49, 0
Manganese, Mn, 50, 0
Manganese, Mn, 51, 0
Manganese, Mn, 52, 0
Manganese, Mn, 53, 0
Manganese, Mn, 54, 0
Manganese, Mn, 55, 0
Manganese, Mn, 56, 0
Manganese, Mn, 57, 0
Manganese, Mn, 58, 0
Manganese, Mn, 59, 0
Manganese, Mn, 60, 0
Manganese, Mn, 61, 0
Manganese, Mn, 62, 0
Manganese, Mn, 63, 0
Manganese, Mn, 64, 0
Manganese, Mn, 65, 0
Manganese, Mn, 66, 0
Manganese, Mn, 67, 0
Manganese, Mn, 68, 0
Manganese, Mn, 69, 0
Meitnerium, Mt, 265, 0
Meitnerium, Mt, 266, 0
Meitnerium, Mt, 267, 0
Meitnerium, Mt, 268, 0
Meitnerium, Mt, 269, 0
Meitnerium, Mt, 270, 0
Meitnerium, Mt, 271, 0
Meitnerium, Mt, 272, 0
Meitnerium, Mt, 273, 0
Meitnerium, Mt, 274, 0
Meitnerium, Mt, 275, 0
Meitnerium, Mt, 276, 0
Meitnerium, Mt, 277, 0
Meitnerium, Mt, 278, 0
Meitnerium, Mt, 279, 0
Mendelevium, Md, 245, 0
Mendelevium, Md, 246, 0
Mendelevium, Md, 247, 0
Mendelevium, Md, 248, 0
Mendelevium, Md, 249, 0
Mendelevium, Md, 250, 0
Mendelevium, Md, 251, 0
Mendelevium, Md, 252, 0
Mendelevium, Md, 253, 0
Mendelevium, Md, 254, 0
Mendelevium, Md, 255, 0
Mendelevium, Md, 256, 0
Mendelevium, Md, 257, 0
Mendelevium, Md, 258, 0
Mendelevium, Md, 259, 0
Mendelevium, Md, 260, 0
Mendelevium, Md, 261, 0
Mendelevium, Md, 262, 0
Mercury, Hg, 171, 0
Mercury, Hg, 172, 0
Mercury, Hg, 173, 0
Mercury, Hg, 174, 0
Mercury, Hg, 175, 0
Mercury, Hg, 176, 0
Mercury, Hg, 177, 0
Mercury, Hg, 178, 0
Mercury, Hg, 179, 0
Mercury, Hg, 180, 0
Mercury, Hg, 181, 0
Mercury, Hg, 182, 0
Mercury, Hg, 183, 0
Mercury, Hg, 184, 0
Mercury, Hg, 185, 0
Mercury, Hg, 186, 0
Mercury, Hg, 187, 0
Mercury, Hg, 188, 0
Mercury, Hg, 189, 0
Mercury, Hg, 190, 0
Mercury, Hg, 191, 0
Mercury, Hg, 192, 0
Mercury, Hg, 193, 0
Mercury, Hg, 194, 0
Mercury, Hg, 195, 0
Mercury, Hg, 196, 0
Mercury, Hg, 197, 0
Mercury, Hg, 198, 0
Mercury, Hg, 199, 0
Mercury, Hg, 200, 0
Mercury, Hg, 201, 0
Mercury, Hg, 202, 0
Mercury, Hg, 203, 0
Mercury, Hg, 204, 0
Mercury, Hg, 205, 0
Mercury, Hg, 206, 0
Mercury, Hg, 207, 0
Mercury, Hg, 208, 0
Mercury, Hg, 209, 0
Mercury, Hg, 210, 0
Molybdenum, Mo, 83, 0
Molybdenum, Mo, 84, 0
Molybdenum, Mo, 85, 0
Molybdenum, Mo, 86, 0
Molybdenum, Mo, 87, 0
Molybdenum, Mo, 88, 0
Molybdenum, Mo, 89, 0
Molybdenum, Mo, 90, 0
Molybdenum, Mo, 91, 0
Molybdenum, Mo, 92, 0
Molybdenum, Mo, 93, 0
Molybdenum, Mo, 94, 0
Molybdenum, Mo, 95, 0
Molybdenum, Mo, 96, 0
Molybdenum, Mo, 97, 0
Molybdenum, Mo, 98, 0
Molybdenum, Mo, 99, 0
Molybdenum, Mo, 100, 0
Molybdenum, Mo, 101, 0
Molybdenum, Mo, 102, 0
Molybdenum, Mo, 103, 0
Molybdenum, Mo, 104, 0
Molybdenum, Mo, 105, 0
Molybdenum, Mo, 106, 0
Molybdenum, Mo, 107, 0
Molybdenum, Mo, 108, 0
Molybdenum, Mo, 109, 0
Molybdenum, Mo, 110, 0
Molybdenum, Mo, 111, 0
Molybdenum, Mo, 112, 0
Molybdenum, Mo, 113, 0
Molybdenum, Mo, 114, 0
Molybdenum, Mo, 115, 0
Moscovium, Mc, 287, 0
Moscovium, Mc, 288, 0
Moscovium, Mc, 289, 0
Moscovium, Mc, 290, 0
Moscovium, Mc, 291, 0
Neodymium, Nd, 124, 0
Neodymium, Nd, 125, 0
Neodymium, Nd, 126, 0
Neodymium, Nd, 127, 0
Neodymium, Nd, 128, 0
Neodymium, Nd, 129, 0
Neodymium, Nd, 130, 0
Neodymium, Nd, 131, 0
Neodymium, Nd, 132, 0
Neodymium, Nd, 133, 0
Neodymium, Nd, 134, 0
Neodymium, Nd, 135, 0
Neodymium, Nd, 136, 0
Neodymium, Nd, 137, 0
Neodymium, Nd, 138, 0
Neodymium, Nd, 139, 0
Neodymium, Nd, 140, 0
Neodymium, Nd, 141, 0
Neodymium, Nd, 142, 0
Neodymium, Nd, 143, 0
Neodymium, Nd, 144, 0
Neodymium, Nd, 145, 0
Neodymium, Nd, 146, 0
Neodymium, Nd, 147, 0
Neodymium, Nd, 148, 0
Neodymium, Nd, 149, 0
Neodymium, Nd, 150, 0
Neodymium, Nd, 151, 0
Neodymium, Nd, 152, 0
Neodymium, Nd, 153, 0
Neodymium, Nd, 154, 0
Neodymium, Nd, 155, 0
Neodymium, Nd, 156, 0
Neodymium, Nd, 157, 0
Neodymium, Nd, 158, 0
Neodymium, Nd, 159, 0
Neodymium, Nd, 160, 0
Neodymium, Nd, 161, 0
Neon, Ne, 16, 0
Neon, Ne, 17, 0
Neon, Ne, 18, 0
Neon, Ne, 19, 0
Neon, Ne, 20, 0
Neon, Ne, 21, 0
Neon, Ne, 22, 0
Neon, Ne, 23, 0
Neon, Ne, 24, 0
Neon, Ne, 25, 0
Neon, Ne, 26, 0
Neon, Ne, 27, 0
Neon, Ne, 28, 0
Neon, Ne, 29, 0
Neon, Ne, 30, 0
Neon, Ne, 31, 0
Neon, Ne, 32, 0
Neon, Ne, 33, 0
Neon, Ne, 34, 0
Neptunium, Np, 225, 0
Neptunium, Np, 226, 0
Neptunium, Np, 227, 0
Neptunium, Np, 228, 0
Neptunium, Np, 229, 0
Neptunium, Np, 230, 0
Neptunium, Np, 231, 0
Neptunium, Np, 232, 0
Neptunium, Np, 233, 0
Neptunium, Np, 234, 0
Neptunium, Np, 235, 0
Neptunium, Np, 236, 0
Neptunium, Np, 237, 0
Neptunium, Np, 238, 0
Neptunium, Np, 239, 0
Neptunium, Np, 240, 0
Neptunium, Np, 241, 0
Neptunium, Np, 242, 0
Neptunium, Np, 243, 0
Neptunium, Np, 244, 0
Nickel, Ni, 48, 0
Nickel, Ni, 49, 0
Nickel, Ni, 50, 0
Nickel, Ni, 51, 0
Nickel, Ni, 52, 0
Nickel, Ni, 53, 0
Nickel, Ni, 54, 0
Nickel, Ni, 55, 0
Nickel, Ni, 56, 0
Nickel, Ni, 57, 0
Nickel, Ni, 58, 0
Nickel, Ni, 59, 0
Nickel, Ni, 60, 0
Nickel, Ni, 61, 0
Nickel, Ni, 62, 0
Nickel, Ni, 63, 0
Nickel, Ni, 64, 0
Nickel, Ni, 65, 0
Nickel, Ni, 66, 0
Nickel, Ni, 67, 0
Nickel, Ni, 68, 0
Nickel, Ni, 69, 0
Nickel, Ni, 70, 0
Nickel, Ni, 71, 0
Nickel, Ni, 72, 0
Nickel, Ni, 73, 0
Nickel, Ni, 74, 0
Nickel, Ni, 75, 0
Nickel, Ni, 76, 0
Nickel, Ni, 77, 0
Nickel, Ni, 78, 0
Nihonium, Nh, 283, 0
Nihonium, Nh, 284, 0
Nihonium, Nh, 285, 0
Nihonium, Nh, 286, 0
Nihonium, Nh, 287, 0
Niobium, Nb, 81, 0
Niobium, Nb, 82, 0
Niobium, Nb, 83, 0
Niobium, Nb, 84, 0
Niobium, Nb, 85, 0
Niobium, Nb, 86, 0
Niobium, Nb, 87, 0
Niobium, Nb, 88, 0
Niobium, Nb, 89, 0
Niobium, Nb, 90, 0
Niobium, Nb, 91, 0
Niobium, Nb, 92, 0
Niobium, Nb, 93, 0
Niobium, Nb, 94, 0
Niobium, Nb, 95, 0
Niobium, Nb, 96, 0
Niobium, Nb, 97, 0
Niobium, Nb, 98, 0
Niobium, Nb, 99, 0
Niobium, Nb, 100, 0
Niobium, Nb, 101, 0
Niobium, Nb, 102, 0
Niobium, Nb, 103, 0
Niobium, Nb, 104, 0
Niobium, Nb, 105, 0
Niobium, Nb, 106, 0
Niobium, Nb, 107, 0
Niobium, Nb, 108, 0
Niobium, Nb, 109, 0
Niobium, Nb, 110, 0
Niobium, Nb, 111, 0
Niobium, Nb, 112, 0
Niobium, Nb, 113, 0
Nitrogen, N, 10, 0
Nitrogen, N, 11, 0
Nitrogen, N, 12, 0
Nitrogen, N, 13, 0
Nitrogen, N, 14, 0
Nitrogen, N, 15, 0
Nitrogen, N, 16, 0
Nitrogen, N, 17, 0
Nitrogen, N, 18, 0
Nitrogen, N, 19, 0
Nitrogen, N, 20, 0
Nitrogen, N, 21, 0
Nitrogen, N, 22, 0
Nitrogen, N, 23, 0
Nitrogen, N, 24, 0
Nitrogen, N, 25, 0
Nobelium, No, 248, 0
Nobelium, No, 249, 0
Nobelium, No, 250, 0
Nobelium, No, 251, 0
Nobelium, No, 252, 0
Nobelium, No, 253, 0
Nobelium, No, 254, 0
Nobelium, No, 255, 0
Nobelium, No, 256, 0
Nobelium, No, 257, 0
Nobelium, No, 258, 0
Nobelium, No, 259, 0
Nobelium, No, 260, 0
Nobelium, No, 261, 0
Nobelium, No, 262, 0
Nobelium, No, 263, 0
Nobelium, No, 264, 0
Oganesson, Og, 293, 0
Osmium, Os, 162, 0
Osmium, Os, 163, 0
Osmium, Os, 164, 0
Osmium, Os, 165, 0
Osmium, Os, 166, 0
Osmium, Os, 167, 0
Osmium, Os, 168, 0
Osmium, Os, 169, 0
Osmium, Os, 170, 0
Osmium, Os, 171, 0
Osmium, Os, 172, 0
Osmium, Os, 173, 0
Osmium, Os, 174, 0
Osmium, Os, 175, 0
Osmium, Os, 176, 0
Osmium, Os, 177, 0
Osmium, Os, 178, 0
Osmium, Os, 179, 0
Osmium, Os, 180, 0
Osmium, Os, 181, 0
Osmium, Os, 182, 0
Osmium, Os, 183, 0
Osmium, Os, 184, 0
Osmium, Os, 185, 0
Osmium, Os, 186, 0
Osmium, Os, 187, 0
Osmium, Os, 188, 0
Osmium, Os, 189, 0
Osmium, Os, 190, 0
Osmium, Os, 191, 0
Osmium, Os, 192, 0
Osmium, Os, 193, 0
Osmium, Os, 194, 0
Osmium, Os, 195, 0
Osmium, Os, 196, 0
Oxygen, O, 12, 0
Oxygen, O, 13, 0
Oxygen, O, 14, 0
Oxygen, O, 15, 0
Oxygen, O, 16, 0
Oxygen, O, 17, 0
Oxygen, O, 18, 0
Oxygen, O, 19, 0
Oxygen, O, 20, 0
Oxygen, O, 21, 0
Oxygen, O, 22, 0
Oxygen, O, 23, 0
Oxygen, O, 24, 0
Oxygen, O, 25, 0
Oxygen, O, 26, 0
Oxygen, O, 27, 0
Oxygen, O, 28, 0
Palladium, Pd, 91, 0
Palladium, Pd, 92, 0
Palladium, Pd, 93, 0
Palladium, Pd, 94, 0
Palladium, Pd, 95, 0
Palladium, Pd, 96, 0
Palladium, Pd, 97, 0
Palladium, Pd, 98, 0
Palladium, Pd, 99, 0
Palladium, Pd, 100, 0
Palladium, Pd, 101, 0
Palladium, Pd, 102, 0
Palladium, Pd, 103, 0
Palladium, Pd, 104, 0
Palladium, Pd, 105, 0
Palladium, Pd, 106, 0
Palladium, Pd, 107, 0
Palladium, Pd, 108, 0
Palladium, Pd, 109, 0
Palladium, Pd, 110, 0
Palladium, Pd, 111, 0
Palladium, Pd, 112, 0
Palladium, Pd, 113, 0
Palladium, Pd, 114, 0
Palladium, Pd, 115, 0
Palladium, Pd, 116, 0
Palladium, Pd, 117, 0
Palladium, Pd, 118, 0
Palladium, Pd, 119, 0
Palladium, Pd, 120, 0
Palladium, Pd, 121, 0
Palladium, Pd, 122, 0
Palladium, Pd, 123, 0
Palladium, Pd, 124, 0
Phosphorus, P, 24, 0
Phosphorus, P, 25, 0
Phosphorus, P, 26, 0
Phosphorus, P, 27, 0
Phosphorus, P, 28, 0
Phosphorus, P, 29, 0
Phosphorus, P, 30, 0
Phosphorus, P, 31, 0
Phosphorus, P, 32, 0
Phosphorus, P, 33, 0
Phosphorus, P, 34, 0
Phosphorus, P, 35, 0
Phosphorus, P, 36, 0
Phosphorus, P, 37, 0
Phosphorus, P, 38, 0
Phosphorus, P, 39, 0
Phosphorus, P, 40, 0
Phosphorus, P, 41, 0
Phosphorus, P, 42, 0
Phosphorus, P, 43, 0
Phosphorus, P, 44, 0
Phosphorus, P, 45, 0
Phosphorus, P, 46, 0
Platinum, Pt, 166, 0
Platinum, Pt, 167, 0
Platinum, Pt, 168, 0
Platinum, Pt, 169, 0
Platinum, Pt, 170, 0
Platinum, Pt, 171, 0
Platinum, Pt, 172, 0
Platinum, Pt, 173, 0
Platinum, Pt, 174, 0
Platinum, Pt, 175, 0
Platinum, Pt, 176, 0
Platinum, Pt, 177, 0
Platinum, Pt, 178, 0
Platinum, Pt, 179, 0
Platinum, Pt, 180, 0
Platinum, Pt, 181, 0
Platinum, Pt, 182, 0
Platinum, Pt, 183, 0
Platinum, Pt, 184, 0
Platinum, Pt, 185, 0
Platinum, Pt, 186, 0
Platinum, Pt, 187, 0
Platinum, Pt, 188, 0
Platinum, Pt, 189, 0
Platinum, Pt, 190, 0
Platinum, Pt, 191, 0
Platinum, Pt, 192, 0
Platinum, Pt, 193, 0
Platinum, Pt, 194, 0
Platinum, Pt, 195, 0
Platinum, Pt, 196, 0
Platinum, Pt, 197, 0
Platinum, Pt, 198, 0
Platinum, Pt, 199, 0
Platinum, Pt, 200, 0
Platinum, Pt, 201, 0
Platinum, Pt, 202, 0
Plutonium, Pu, 228, 0
Plutonium, Pu, 229, 0
Plutonium, Pu, 230, 0
Plutonium, Pu, 231, 0
Plutonium, Pu, 232, 0
Plutonium, Pu, 233, 0
Plutonium, Pu, 234, 0
Plutonium, Pu, 235, 0
Plutonium, Pu, 236, 0
Plutonium, Pu, 237, 0
Plutonium, Pu, 238, 0
Plutonium, Pu, 239, 0
Plutonium, Pu, 240, 0
Plutonium, Pu, 241, 0
Plutonium, Pu, 242, 0
Plutonium, Pu, 243, 0
Plutonium, Pu, 244, 0
Plutonium, Pu, 245, 0
Plutonium, Pu, 246, 0
Plutonium, Pu, 247, 0
Polonium, Po, 188, 0
Polonium, Po, 189, 0
Polonium, Po, 190, 0
Polonium, Po, 191, 0
Polonium, Po, 192, 0
Polonium, Po, 193, 0
Polonium, Po, 194, 0
Polonium, Po, 195, 0
Polonium, Po, 196, 0
Polonium, Po, 197, 0
Polonium, Po, 198, 0
Polonium, Po, 199, 0
Polonium, Po, 200, 0
Polonium, Po, 201, 0
Polonium, Po, 202, 0
Polonium, Po, 203, 0
Polonium, Po, 204, 0
Polonium, Po, 205, 0
Polonium, Po, 206, 0
Polonium, Po, 207, 0
Polonium, Po, 208, 0
Polonium, Po, 209, 0
Polonium, Po, 210, 0
Polonium, Po, 211, 0
Polonium, Po, 212, 0
Polonium, Po, 213, 0
Polonium, Po, 214, 0
Polonium, Po, 215, 0
Polonium, Po, 216, 0
Polonium, Po, 217, 0
Polonium, Po, 218, 0
Polonium, Po, 219, 0
Polonium, Po, 220, 0
Potassium, K, 32, 0
Potassium, K, 33, 0
Potassium, K, 34, 0
Potassium, K, 35, 0
Potassium, K, 36, 0
Potassium, K, 37, 0
Potassium, K, 38, 0
Potassium, K, 39, 0
Potassium, K, 40, 0
Potassium, K, 41, 0
Potassium, K, 42, 0
Potassium, K, 43, 0
Potassium, K, 44, 0
Potassium, K, 45, 0
Potassium, K, 46, 0
Potassium, K, 47, 0
Potassium, K, 48, 0
Potassium, K, 49, 0
Potassium, K, 50, 0
Potassium, K, 51, 0
Potassium, K, 52, 0
Potassium, K, 53, 0
Potassium, K, 54, 0
Potassium, K, 55, 0
Praseodymium, Pr, 121, 0
Praseodymium, Pr, 122, 0
Praseodymium, Pr, 123, 0
Praseodymium, Pr, 124, 0
Praseodymium, Pr, 125, 0
Praseodymium, Pr, 126, 0
Praseodymium, Pr, 127, 0
Praseodymium, Pr, 128, 0
Praseodymium, Pr, 129, 0
Praseodymium, Pr, 130, 0
Praseodymium, Pr, 131, 0
Praseodymium, Pr, 132, 0
Praseodymium, Pr, 133, 0
Praseodymium, Pr, 134, 0
Praseodymium, Pr, 135, 0
Praseodymium, Pr, 136, 0
Praseodymium, Pr, 137, 0
Praseodymium, Pr, 138, 0
Praseodymium, Pr, 139, 0
Praseodymium, Pr, 140, 0
Praseodymium, Pr, 141, 0
Praseodymium, Pr, 142, 0
Praseodymium, Pr, 143, 0
Praseodymium, Pr, 144, 0
Praseodymium, Pr, 145, 0
Praseodymium, Pr, 146, 0
Praseodymium, Pr, 147, 0
Praseodymium, Pr, 148, 0
Praseodymium, Pr, 149, 0
Praseodymium, Pr, 150, 0
Praseodymium, Pr, 151, 0
Praseodymium, Pr, 152, 0
Praseodymium, Pr, 153, 0
Praseodymium, Pr, 154, 0
Praseodymium, Pr, 155, 0
Praseodymium, Pr, 156, 0
Praseodymium, Pr, 157, 0
Praseodymium, Pr, 158, 0
Praseodymium, Pr, 159, 0
Promethium, Pm, 126, 0
Promethium, Pm, 127, 0
Promethium, Pm, 128, 0
Promethium, Pm, 129, 0
Promethium, Pm, 130, 0
Promethium, Pm, 131, 0
Promethium, Pm, 132, 0
Promethium, Pm, 133, 0
Promethium, Pm, 134, 0
Promethium, Pm, 135, 0
Promethium, Pm, 136, 0
Promethium, Pm, 137, 0
Promethium, Pm, 138, 0
Promethium, Pm, 139, 0
Promethium, Pm, 140, 0
Promethium, Pm, 141, 0
Promethium, Pm, 142, 0
Promethium, Pm, 143, 0
Promethium, Pm, 144, 0
Promethium, Pm, 145, 0
Promethium, Pm, 146, 0
Promethium, Pm, 147, 0
Promethium, Pm, 148, 0
Promethium, Pm, 149, 0
Promethium, Pm, 150, 0
Promethium, Pm, 151, 0
Promethium, Pm, 152, 0
Promethium, Pm, 153, 0
Promethium, Pm, 154, 0
Promethium, Pm, 155, 0
Promethium, Pm, 156, 0
Promethium, Pm, 157, 0
Promethium, Pm, 158, 0
Promethium, Pm, 159, 0
Promethium, Pm, 160, 0
Promethium, Pm, 161, 0
Promethium, Pm, 162, 0
Promethium, Pm, 163, 0
Protactinium, Pa, 212, 0
Protactinium, Pa, 213, 0
Protactinium, Pa, 214, 0
Protactinium, Pa, 215, 0
Protactinium, Pa, 216, 0
Protactinium, Pa, 217, 0
Protactinium, Pa, 218, 0
Protactinium, Pa, 219, 0
Protactinium, Pa, 220, 0
Protactinium, Pa, 221, 0
Protactinium, Pa, 222, 0
Protactinium, Pa, 223, 0
Protactinium, Pa, 224, 0
Protactinium, Pa, 225, 0
Protactinium, Pa, 226, 0
Protactinium, Pa, 227, 0
Protactinium, Pa, 228, 0
Protactinium, Pa, 229, 0
Protactinium, Pa, 230, 0
Protactinium, Pa, 231, 0
Protactinium, Pa, 232, 0
Protactinium, Pa, 233, 0
Protactinium, Pa, 234, 0
Protactinium, Pa, 235, 0
Protactinium, Pa, 236, 0
Protactinium, Pa, 237, 0
Protactinium, Pa, 238, 0
Protactinium, Pa, 239, 0
Protactinium, Pa, 240, 0
Radium, Ra, 202, 0
Radium, Ra, 203, 0
Radium, Ra, 204, 0
Radium, Ra, 205, 0
Radium, Ra, 206, 0
Radium, Ra, 207, 0
Radium, Ra, 208, 0
Radium, Ra, 209, 0
Radium, Ra, 210, 0
Radium, Ra, 211, 0
Radium, Ra, 212, 0
Radium, Ra, 213, 0
Radium, Ra, 214, 0
Radium, Ra, 215, 0
Radium, Ra, 216, 0
Radium, Ra, 217, 0
Radium, Ra, 218, 0
Radium, Ra, 219, 0
Radium, Ra, 220, 0
Radium, Ra, 221, 0
Radium, Ra, 222, 0
Radium, Ra, 223, 0
Radium, Ra, 224, 0
Radium, Ra, 225, 0
Radium, Ra, 226, 0
Radium, Ra, 227, 0
Radium, Ra, 228, 0
Radium, Ra, 229, 0
Radium, Ra, 230, 0
Radium, Ra, 231, 0
Radium, Ra, 232, 0
Radium, Ra, 233, 0
Radium, Ra, 234, 0
Radon, Rn, 195, 0
Radon, Rn, 196, 0
Radon, Rn, 197, 0
Radon, Rn, 198, 0
Radon, Rn, 199, 0
Radon, Rn, 200, 0
Radon, Rn, 201, 0
Radon, Rn, 202, 0
Radon, Rn, 203, 0
Radon, Rn, 204, 0
Radon, Rn, 205, 0
Radon, Rn, 206, 0
Radon, Rn, 207, 0
Radon, Rn, 208, 0
Radon, Rn, 209, 0
Radon, Rn, 210, 0
Radon, Rn, 211, 0
Radon, Rn, 212, 0
Radon, Rn, 213, 0
Radon, Rn, 214, 0
Radon, Rn, 215, 0
Radon, Rn, 216, 0
Radon, Rn, 217, 0
Radon, Rn, 218, 0
Radon, Rn, 219, 0
Radon, Rn, 220, 0
Radon, Rn, 221, 0
Radon, Rn, 222, 0
Radon, Rn, 223, 0
Radon, Rn, 224, 0
Radon, Rn, 225, 0
Radon, Rn, 226, 0
Radon, Rn, 227, 0
Radon, Rn, 228, 0
Rhenium, Re, 160, 0
Rhenium, Re, 161, 0
Rhenium, Re, 162, 0
Rhenium, Re, 163, 0
Rhenium, Re, 164, 0
Rhenium, Re, 165, 0
Rhenium, Re, 166, 0
Rhenium, Re, 167, 0
Rhenium, Re, 168, 0
Rhenium, Re, 169, 0
Rhenium, Re, 170, 0
Rhenium, Re, 171, 0
Rhenium, Re, 172, 0
Rhenium, Re, 173, 0
Rhenium, Re, 174, 0
Rhenium, Re, 175, 0
Rhenium, Re, 176, 0
Rhenium, Re, 177, 0
Rhenium, Re, 178, 0
Rhenium, Re, 179, 0
Rhenium, Re, 180, 0
Rhenium, Re, 181, 0
Rhenium, Re, 182, 0
Rhenium, Re, 183, 0
Rhenium, Re, 184, 0
Rhenium, Re, 185, 0
Rhenium, Re, 186, 0
Rhenium, Re, 187, 0
Rhenium, Re, 188, 0
Rhenium, Re, 189, 0
Rhenium, Re, 190, 0
Rhenium, Re, 191, 0
Rhenium, Re, 192, 0
Rhenium, Re, 193, 0
Rhenium, Re, 194, 0
Rhodium, Rh, 89, 0
Rhodium, Rh, 90, 0
Rhodium, Rh, 91, 0
Rhodium, Rh, 92, 0
Rhodium, Rh, 93, 0
Rhodium, Rh, 94, 0
Rhodium, Rh, 95, 0
Rhodium, Rh, 96, 0
Rhodium, Rh, 97, 0
Rhodium, Rh, 98, 0
Rhodium, Rh, 99, 0
Rhodium, Rh, 100, 0
Rhodium, Rh, 101, 0
Rhodium, Rh, 102, 0
Rhodium, Rh, 103, 0
Rhodium, Rh, 104, 0
Rhodium, Rh, 105, 0
Rhodium, Rh, 106, 0
Rhodium, Rh, 107, 0
Rhodium, Rh, 108, 0
Rhodium, Rh, 109, 0
Rhodium, Rh, 110, 0
Rhodium, Rh, 111, 0
Rhodium, Rh, 112, 0
Rhodium, Rh, 113, 0
Rhodium, Rh, 114, 0
Rhodium, Rh, 115, 0
Rhodium, Rh, 116, 0
Rhodium, Rh, 117, 0
Rhodium, Rh, 118, 0
Rhodium, Rh, 119, 0
Rhodium, Rh, 120, 0
Rhodium, Rh, 121, 0
Rhodium, Rh, 122, 0
Roentgenium, Rg, 272, 0
Roentgenium, Rg, 273, 0
Roentgenium, Rg, 274, 0
Roentgenium, Rg, 275, 0
Roentgenium, Rg, 276, 0
Roentgenium, Rg, 277, 0
Roentgenium, Rg, 278, 0
Roentgenium, Rg, 279, 0
Roentgenium, Rg, 280, 0
Roentgenium, Rg, 281, 0
Roentgenium, Rg, 282, 0
Roentgenium, Rg, 283, 0
Rubidium, Rb, 71, 0
Rubidium, Rb, 72, 0
Rubidium, Rb, 73, 0
Rubidium, Rb, 74, 0
Rubidium, Rb, 75, 0
Rubidium, Rb, 76, 0
Rubidium, Rb, 77, 0
Rubidium, Rb, 78, 0
Rubidium, Rb, 79, 0
Rubidium, Rb, 80, 0
Rubidium, Rb, 81, 0
Rubidium, Rb, 82, 0
Rubidium, Rb, 83, 0
Rubidium, Rb, 84, 0
Rubidium, Rb, 85, 0
Rubidium, Rb, 86, 0
Rubidium, Rb, 87, 0
Rubidium, Rb, 88, 0
Rubidium, Rb, 89, 0
Rubidium, Rb, 90, 0
Rubidium, Rb, 91, 0
Rubidium, Rb, 92, 0
Rubidium, Rb, 93, 0
Rubidium, Rb, 94, 0
Rubidium, Rb, 95, 0
Rubidium, Rb, 96, 0
Rubidium, Rb, 97, 0
Rubidium, Rb, 98, 0
Rubidium, Rb, 99, 0
Rubidium, Rb, 100, 0
Rubidium, Rb, 101, 0
Rubidium, Rb, 102, 0
Ruthenium, Ru, 87, 0
Ruthenium, Ru, 88, 0
Ruthenium, Ru, 89, 0
Ruthenium, Ru, 90, 0
Ruthenium, Ru, 91, 0
Ruthenium, Ru, 92, 0
Ruthenium, Ru, 93, 0
Ruthenium, Ru, 94, 0
Ruthenium, Ru, 95, 0
Ruthenium, Ru, 96, 0
Ruthenium, Ru, 97, 0
Ruthenium, Ru, 98, 0
Ruthenium, Ru, 99, 0
Ruthenium, Ru, 100, 0
Ruthenium, Ru, 101, 0
Ruthenium, Ru, 102, 0
Ruthenium, Ru, 103, 0
Ruthenium, Ru, 104, 0
Ruthenium, Ru, 105, 0
Ruthenium, Ru, 106, 0
Ruthenium, Ru, 107, 0
Ruthenium, Ru, 108, 0
Ruthenium, Ru, 109, 0
Ruthenium, Ru, 110, 0
Ruthenium, Ru, 111, 0
Ruthenium, Ru, 112, 0
Ruthenium, Ru, 113, 0
Ruthenium, Ru, 114, 0
Ruthenium, Ru, 115, 0
Ruthenium, Ru, 116, 0
Ruthenium, Ru, 117, 0
Ruthenium, Ru, 118, 0
Ruthenium, Ru, 119, 0
Ruthenium, Ru, 120, 0
Rutherfordium, Rf, 253, 0
Rutherfordium, Rf, 254, 0
Rutherfordium, Rf, 255, 0
Rutherfordium, Rf, 256, 0
Rutherfordium, Rf, 257, 0
Rutherfordium, Rf, 258, 0
Rutherfordium, Rf, 259, 0
Rutherfordium, Rf, 260, 0
Rutherfordium, Rf, 261, 0
Rutherfordium, Rf, 262, 0
Rutherfordium, Rf, 263, 0
Rutherfordium, Rf, 264, 0
Rutherfordium, Rf, 265, 0
Rutherfordium, Rf, 266, 0
Rutherfordium, Rf, 267, 0
Rutherfordium, Rf, 268, 0
Samarium, Sm, 128, 0
Samarium, Sm, 129, 0
Samarium, Sm, 130, 0
Samarium, Sm, 131, 0
Samarium, Sm, 132, 0
Samarium, Sm, 133, 0
Samarium, Sm, 134, 0
Samarium, Sm, 135, 0
Samarium, Sm, 136, 0
Samarium, Sm, 137, 0
Samarium, Sm, 138, 0
Samarium, Sm, 139, 0
Samarium, Sm, 140, 0
Samarium, Sm, 141, 0
Samarium, Sm, 142, 0
Samarium, Sm, 143, 0
Samarium, Sm, 144, 0
Samarium, Sm, 145, 0
Samarium, Sm, 146, 0
Samarium, Sm, 147, 0
Samarium, Sm, 148, 0
Samarium, Sm, 149, 0
Samarium, Sm, 150, 0
Samarium, Sm, 151, 0
Samarium, Sm, 152, 0
Samarium, Sm, 153, 0
Samarium, Sm, 154, 0
Samarium, Sm, 155, 0
Samarium, Sm, 156, 0
Samarium, Sm, 157, 0
Samarium, Sm, 158, 0
Samarium, Sm, 159, 0
Samarium, Sm, 160, 0
Samarium, Sm, 161, 0
Samarium, Sm, 162, 0
Samarium, Sm, 163, 0
Samarium, Sm, 164, 0
Samarium, Sm, 165, 0
Scandium, Sc, 36, 0
Scandium, Sc, 37, 0
Scandium, Sc, 38, 0
Scandium, Sc, 39, 0
Scandium, Sc, 40, 0
Scandium, Sc, 41, 0
Scandium, Sc, 42, 0
Scandium, Sc, 43, 0
Scandium, Sc, 44, 0
Scandium, Sc, 45, 0
Scandium, Sc, 46, 0
Scandium, Sc, 47, 0
Scandium, Sc, 48, 0
Scandium, Sc, 49, 0
Scandium, Sc, 50, 0
Scandium, Sc, 51, 0
Scandium, Sc, 52, 0
Scandium, Sc, 53, 0
Scandium, Sc, 54, 0
Scandium, Sc, 55, 0
Scandium, Sc, 56, 0
Scandium, Sc, 57, 0
Scandium, Sc, 58, 0
Scandium, Sc, 59, 0
Scandium, Sc, 60, 0
Seaborgium, Sg, 258, 0
Seaborgium, Sg, 259, 0
Seaborgium, Sg, 260, 0
Seaborgium, Sg, 261, 0
Seaborgium, Sg, 262, 0
Seaborgium, Sg, 263, 0
Seaborgium, Sg, 264, 0
Seaborgium, Sg, 265, 0
Seaborgium, Sg, 266, 0
Seaborgium, Sg, 267, 0
Seaborgium, Sg, 268, 0
Seaborgium, Sg, 269, 0
Seaborgium, Sg, 270, 0
Seaborgium, Sg, 271, 0
Seaborgium, Sg, 272, 0
Seaborgium, Sg, 273, 0
Selenium, Se, 65, 0
Selenium, Se, 66, 0
Selenium, Se, 67, 0
Selenium, Se, 68, 0
Selenium, Se, 69, 0
Selenium, Se, 70, 0
Selenium, Se, 71, 0
Selenium, Se, 72, 0
Selenium, Se, 73, 0
Selenium, Se, 74, 0
Selenium, Se, 75, 0
Selenium, Se, 76, 0
Selenium, Se, 77, 0
Selenium, Se, 78, 0
Selenium, Se, 79, 0
Selenium, Se, 80, 0
Selenium, Se, 81, 0
Selenium, Se, 82, 0
Selenium, Se, 83, 0
Selenium, Se, 84, 0
Selenium, Se, 85, 0
Selenium, Se, 86, 0
Selenium, Se, 87, 0
Selenium, Se, 88, 0
Selenium, Se, 89, 0
Selenium, Se, 90, 0
Selenium, Se, 91, 0
Selenium, Se, 92, 0
Selenium, Se, 93, 0
Selenium, Se, 94, 0
Silicon, Si, 22, 0
Silicon, Si, 23, 0
Silicon, Si, 24, 0
Silicon, Si, 25, 0
Silicon, Si, 26, 0
Silicon, Si, 27, 0
Silicon, Si, 28, 0
Silicon, Si, 29, 0
Silicon, Si, 30, 0
Silicon, Si, 31, 0
Silicon, Si, 32, 0
Silicon, Si, 33, 0
Silicon, Si, 34, 0
Silicon, Si, 35, 0
Silicon, Si, 36, 0
Silicon, Si, 37, 0
Silicon, Si, 38, 0
Silicon, Si, 39, 0
Silicon, Si, 40, 0
Silicon, Si, 41, 0
Silicon, Si, 42, 0
Silicon, Si, 43, 0
Silicon, Si, 44, 0
Silver, Ag, 93, 0
Silver, Ag, 94, 0
Silver, Ag, 95, 0
Silver, Ag, 96, 0
Silver, Ag, 97, 0
Silver, Ag, 98, 0
Silver, Ag, 99, 0
Silver, Ag, 100, 0
Silver, Ag, 101, 0
Silver, Ag, 102, 0
Silver, Ag, 103, 0
Silver, Ag, 104, 0
Silver, Ag, 105, 0
Silver, Ag, 106, 0
Silver, Ag, 107, 0
Silver, Ag, 108, 0
Silver, Ag, 109, 0
Silver, Ag, 110, 0
Silver, Ag, 111, 0
Silver, Ag, 112, 0
Silver, Ag, 113, 0
Silver, Ag, 114, 0
Silver, Ag, 115, 0
Silver, Ag, 116, 0
Silver, Ag, 117, 0
Silver, Ag, 118, 0
Silver, Ag, 119, 0
Silver, Ag, 120, 0
Silver, Ag, 121, 0
Silver, Ag, 122, 0
Silver, Ag, 123, 0
Silver, Ag, 124, 0
Silver, Ag, 125, 0
Silver, Ag, 126, 0
Silver, Ag, 127, 0
Silver, Ag, 128, 0
Silver, Ag, 129, 0
Silver, Ag, 130, 0
Sodium, Na, 18, 0
Sodium, Na, 19, 0
Sodium, Na, 20, 0
Sodium, Na, 21, 0
Sodium, Na, 22, 0
Sodium, Na, 23, 0
Sodium, Na, 24, 0
Sodium, Na, 25, 0
Sodium, Na, 26, 0
Sodium, Na, 27, 0
Sodium, Na, 28, 0
Sodium, Na, 29, 0
Sodium, Na, 30, 0
Sodium, Na, 31, 0
Sodium, Na, 32, 0
Sodium, Na, 33, 0
Sodium, Na, 34, 0
Sodium, Na, 35, 0
Sodium, Na, 36, 0
Sodium, Na, 37, 0
Strontium, Sr, 73, 0
Strontium, Sr, 74, 0
Strontium, Sr, 75, 0
Strontium, Sr, 76, 0
Strontium, Sr, 77, 0
Strontium, Sr, 78, 0
Strontium, Sr, 79, 0
Strontium, Sr, 80, 0
Strontium, Sr, 81, 0
Strontium, Sr, 82, 0
Strontium, Sr, 83, 0
Strontium, Sr, 84, 0
Strontium, Sr, 85, 0
Strontium, Sr, 86, 0
Strontium, Sr, 87, 0
Strontium, Sr, 88, 0
Strontium, Sr, 89, 0
Strontium, Sr, 90, 0
Strontium, Sr, 91, 0
Strontium, Sr, 92, 0
Strontium, Sr, 93, 0
Strontium, Sr, 94, 0
Strontium, Sr, 95, 0
Strontium, Sr, 96, 0
Strontium, Sr, 97, 0
Strontium, Sr, 98, 0
Strontium, Sr, 99, 0
Strontium, Sr, 100, 0
Strontium, Sr, 101, 0
Strontium, Sr, 102, 0
Strontium, Sr, 103, 0
Strontium, Sr, 104, 0
Strontium, Sr, 105, 0
Sulfur, S, 26, 0
Sulfur, S, 27, 0
Sulfur, S, 28, 0
Sulfur, S, 29, 0
Sulfur, S, 30, 0
Sulfur, S, 31, 0
Sulfur, S, 32, 0
Sulfur, S, 33, 0
Sulfur, S, 34, 0
Sulfur, S, 35, 0
Sulfur, S, 36, 0
Sulfur, S, 37, 0
Sulfur, S, 38, 0
Sulfur, S, 39, 0
Sulfur, S, 40, 0
Sulfur, S, 41, 0
Sulfur, S, 42, 0
Sulfur, S, 43, 0
Sulfur, S, 44, 0
Sulfur, S, 45, 0
Sulfur, S, 46, 0
Sulfur, S, 47, 0
Sulfur, S, 48, 0
Sulfur, S, 49, 0
Tantalum, Ta, 155, 0
Tantalum, Ta, 156, 0
Tantalum, Ta, 157, 0
Tantalum, Ta, 158, 0
Tantalum, Ta, 159, 0
Tantalum, Ta, 160, 0
Tantalum, Ta, 161, 0
Tantalum, Ta, 162, 0
Tantalum, Ta, 163, 0
Tantalum, Ta, 164, 0
Tantalum, Ta, 165, 0
Tantalum, Ta, 166, 0
Tantalum, Ta, 167, 0
Tantalum, Ta, 168, 0
Tantalum, Ta, 169, 0
Tantalum, Ta, 170, 0
Tantalum, Ta, 171, 0
Tantalum, Ta, 172, 0
Tantalum, Ta, 173, 0
Tantalum, Ta, 174, 0
Tantalum, Ta, 175, 0
Tantalum, Ta, 176, 0
Tantalum, Ta, 177, 0
Tantalum, Ta, 178, 0
Tantalum, Ta, 179, 0
Tantalum, Ta, 180, 0
Tantalum, Ta, 181, 0
Tantalum, Ta, 182, 0
Tantalum, Ta, 183, 0
Tantalum, Ta, 184, 0
Tantalum, Ta, 185, 0
Tantalum, Ta, 186, 0
Tantalum, Ta, 187, 0
Tantalum, Ta, 188, 0
Tantalum, Ta, 189, 0
Tantalum, Ta, 190, 0
Technetium, Tc, 85, 0
Technetium, Tc, 86, 0
Technetium, Tc, 87, 0
Technetium, Tc, 88, 0
Technetium, Tc, 89, 0
Technetium, Tc, 90, 0
Technetium, Tc, 91, 0
Technetium, Tc, 92, 0
Technetium, Tc, 93, 0
Technetium, Tc, 94, 0
Technetium, Tc, 95, 0
Technetium, Tc, 96, 0
Technetium, Tc, 97, 0
Technetium, Tc, 98, 0
Technetium, Tc, 99, 0
Technetium, Tc, 100, 0
Technetium, Tc, 101, 0
Technetium, Tc, 102, 0
Technetium, Tc, 103, 0
Technetium, Tc, 104, 0
Technetium, Tc, 105, 0
Technetium, Tc, 106, 0
Technetium, Tc, 107, 0
Technetium, Tc, 108, 0
Technetium, Tc, 109, 0
Technetium, Tc, 110, 0
Technetium, Tc, 111, 0
Technetium, Tc, 112, 0
Technetium, Tc, 113, 0
Technetium, Tc, 114, 0
Technetium, Tc, 115, 0
Technetium, Tc, 116, 0
Technetium, Tc, 117, 0
Technetium, Tc, 118, 0
Tellurium, Te, 105, 0
Tellurium, Te, 106, 0
Tellurium, Te, 107, 0
Tellurium, Te, 108, 0
Tellurium, Te, 109, 0
Tellurium, Te, 110, 0
Tellurium, Te, 111, 0
Tellurium, Te, 112, 0
Tellurium, Te, 113, 0
Tellurium, Te, 114, 0
Tellurium, Te, 115, 0
Tellurium, Te, 116, 0
Tellurium, Te, 117, 0
Tellurium, Te, 118, 0
Tellurium, Te, 119, 0
Tellurium, Te, 120, 0
Tellurium, Te, 121, 0
Tellurium, Te, 122, 0
Tellurium, Te, 123, 0
Tellurium, Te, 124, 0
Tellurium, Te, 125, 0
Tellurium, Te, 126, 0
Tellurium, Te, 127, 0
Tellurium, Te, 128, 0
Tellurium, Te, 129, 0
Tellurium, Te, 130, 0
Tellurium, Te, 131, 0
Tellurium, Te, 132, 0
Tellurium, Te, 133, 0
Tellurium, Te, 134, 0
Tellurium, Te, 135, 0
Tellurium, Te, 136, 0
Tellurium, Te, 137, 0
Tellurium, Te, 138, 0
Tellurium, Te, 139, 0
Tellurium, Te, 140, 0
Tellurium, Te, 141, 0
Tellurium, Te, 142, 0
Tennessine, Ts, 291, 0
Tennessine, Ts, 292, 0
Tennessine, Ts, 293, 0
Tennessine, Ts, 294, 0
Terbium, Tb, 136, 0
Terbium, Tb, 137, 0
Terbium, Tb, 138, 0
Terbium, Tb, 139, 0
Terbium, Tb, 140, 0
Terbium, Tb, 141, 0
Terbium, Tb, 142, 0
Terbium, Tb, 143, 0
Terbium, Tb, 144, 0
Terbium, Tb, 145, 0
Terbium, Tb, 146, 0
Terbium, Tb, 147, 0
Terbium, Tb, 148, 0
Terbium, Tb, 149, 0
Terbium, Tb, 150, 0
Terbium, Tb, 151, 0
Terbium, Tb, 152, 0
Terbium, Tb, 153, 0
Terbium, Tb, 154, 0
Terbium, Tb, 155, 0
Terbium, Tb, 156, 0
Terbium, Tb, 157, 0
Terbium, Tb, 158, 0
Terbium, Tb, 159, 0
Terbium, Tb, 160, 0
Terbium, Tb, 161, 0
Terbium, Tb, 162, 0
Terbium, Tb, 163, 0
Terbium, Tb, 164, 0
Terbium, Tb, 165, 0
Terbium, Tb, 166, 0
Terbium, Tb, 167, 0
Terbium, Tb, 168, 0
Terbium, Tb, 169, 0
Terbium, Tb, 170, 0
Terbium, Tb, 171, 0
Thallium, Tl, 176, 0
Thallium, Tl, 177, 0
Thallium, Tl, 178, 0
Thallium, Tl, 179, 0
Thallium, Tl, 180, 0
Thallium, Tl, 181, 0
Thallium, Tl, 182, 0
Thallium, Tl, 183, 0
Thallium, Tl, 184, 0
Thallium, Tl, 185, 0
Thallium, Tl, 186, 0
Thallium, Tl, 187, 0
Thallium, Tl, 188, 0
Thallium, Tl, 189, 0
Thallium, Tl, 190, 0
Thallium, Tl, 191, 0
Thallium, Tl, 192, 0
Thallium, Tl, 193, 0
Thallium, Tl, 194, 0
Thallium, Tl, 195, 0
Thallium, Tl, 196, 0
Thallium, Tl, 197, 0
Thallium, Tl, 198, 0
Thallium, Tl, 199, 0
Thallium, Tl, 200, 0
Thallium, Tl, 201, 0
Thallium, Tl, 202, 0
Thallium, Tl, 203, 0
Thallium, Tl, 204, 0
Thallium, Tl, 205, 0
Thallium, Tl, 206, 0
Thallium, Tl, 207, 0
Thallium, Tl, 208, 0
Thallium, Tl, 209, 0
Thallium, Tl, 210, 0
Thallium, Tl, 211, 0
Thallium, Tl, 212, 0
Thorium, Th, 209, 0
Thorium, Th, 210, 0
Thorium, Th, 211, 0
Thorium, Th, 212, 0
Thorium, Th, 213, 0
Thorium, Th, 214, 0
Thorium, Th, 215, 0
Thorium, Th, 216, 0
Thorium, Th, 217, 0
Thorium, Th, 218, 0
Thorium, Th, 219, 0
Thorium, Th, 220, 0
Thorium, Th, 221, 0
Thorium, Th, 222, 0
Thorium, Th, 223, 0
Thorium, Th, 224, 0
Thorium, Th, 225, 0
Thorium, Th, 226, 0
Thorium, Th, 227, 0
Thorium, Th, 228, 0
Thorium, Th, 229, 0
Thorium, Th, 230, 0
Thorium, Th, 231, 0
Thorium, Th, 232, 0
Thorium, Th, 233, 0
Thorium, Th, 234, 0
Thorium, Th, 235, 0
Thorium, Th, 236, 0
Thorium, Th, 237, 0
Thorium, Th, 238, 0
Thulium, Tm, 145, 0
Thulium, Tm, 146, 0
Thulium, Tm, 147, 0
Thulium, Tm, 148, 0
Thulium, Tm, 149, 0
Thulium, Tm, 150, 0
Thulium, Tm, 151, 0
Thulium, Tm, 152, 0
Thulium, Tm, 153, 0
Thulium, Tm, 154, 0
Thulium, Tm, 155, 0
Thulium, Tm, 156, 0
Thulium, Tm, 157, 0
Thulium, Tm, 158, 0
Thulium, Tm, 159, 0
Thulium, Tm, 160, 0
Thulium, Tm, 161, 0
Thulium, Tm, 162, 0
Thulium, Tm, 163, 0
Thulium, Tm, 164, 0
Thulium, Tm, 165, 0
Thulium, Tm, 166, 0
Thulium, Tm, 167, 0
Thulium, Tm, 168, 0
Thulium, Tm, 169, 0
Thulium, Tm, 170, 0
Thulium, Tm, 171, 0
Thulium, Tm, 172, 0
Thulium, Tm, 173, 0
Thulium, Tm, 174, 0
Thulium, Tm, 175, 0
Thulium, Tm, 176, 0
Thulium, Tm, 177, 0
Thulium, Tm, 178, 0
Thulium, Tm, 179, 0
Tin, Sn, 99, 0
Tin, Sn, 100, 0
Tin, Sn, 101, 0
Tin, Sn, 102, 0
Tin, Sn, 103, 0
Tin, Sn, 104, 0
Tin, Sn, 105, 0
Tin, Sn, 106, 0
Tin, Sn, 107, 0
Tin, Sn, 108, 0
Tin, Sn, 109, 0
Tin, Sn, 110, 0
Tin, Sn, 111, 0
Tin, Sn, 112, 0
Tin, Sn, 113, 0
Tin, Sn, 114, 0
Tin, Sn, 115, 0
Tin, Sn, 116, 0
Tin, Sn, 117, 0
Tin, Sn, 118, 0
Tin, Sn, 119, 0
Tin, Sn, 120, 0
Tin, Sn, 121, 0
Tin, Sn, 122, 0
Tin, Sn, 123, 0
Tin, Sn, 124, 0
Tin, Sn, 125, 0
Tin, Sn, 126, 0
Tin, Sn, 127, 0
Tin, Sn, 128, 0
Tin, Sn, 129, 0
Tin, Sn, 130, 0
Tin, Sn, 131, 0
Tin, Sn, 132, 0
Tin, Sn, 133, 0
Tin, Sn, 134, 0
Tin, Sn, 135, 0
Tin, Sn, 136, 0
Tin, Sn, 137, 0
Titanium, Ti, 38, 0
Titanium, Ti, 39, 0
Titanium, Ti, 40, 0
Titanium, Ti, 41, 0
Titanium, Ti, 42, 0
Titanium, Ti, 43, 0
Titanium, Ti, 44, 0
Titanium, Ti, 45, 0
Titanium, Ti, 46, 0
Titanium, Ti, 47, 0
Titanium, Ti, 48, 0
Titanium, Ti, 49, 0
Titanium, Ti, 50, 0
Titanium, Ti, 51, 0
Titanium, Ti, 52, 0
Titanium, Ti, 53, 0
Titanium, Ti, 54, 0
Titanium, Ti, 55, 0
Titanium, Ti, 56, 0
Titanium, Ti, 57, 0
Titanium, Ti, 58, 0
Titanium, Ti, 59, 0
Titanium, Ti, 60, 0
Titanium, Ti, 61, 0
Titanium, Ti, 62, 0
Titanium, Ti, 63, 0
Tungsten, W, 158, 0
Tungsten, W, 159, 0
Tungsten, W, 160, 0
Tungsten, W, 161, 0
Tungsten, W, 162, 0
Tungsten, W, 163, 0
Tungsten, W, 164, 0
Tungsten, W, 165, 0
Tungsten, W, 166, 0
Tungsten, W, 167, 0
Tungsten, W, 168, 0
Tungsten, W, 169, 0
Tungsten, W, 170, 0
Tungsten, W, 171, 0
Tungsten, W, 172, 0
Tungsten, W, 173, 0
Tungsten, W, 174, 0
Tungsten, W, 175, 0
Tungsten, W, 176, 0
Tungsten, W, 177, 0
Tungsten, W, 178, 0
Tungsten, W, 179, 0
Tungsten, W, 180, 0
Tungsten, W, 181, 0
Tungsten, W, 182, 0
Tungsten, W, 183, 0
Tungsten, W, 184, 0
Tungsten, W, 185, 0
Tungsten, W, 186, 0
Tungsten, W, 187, 0
Tungsten, W, 188, 0
Tungsten, W, 189, 0
Tungsten, W, 190, 0
Tungsten, W, 191, 0
Tungsten, W, 192, 0
Uranium, U, 217, 0
Uranium, U, 218, 0
Uranium, U, 219, 0
Uranium, U, 220, 0
Uranium, U, 221, 0
Uranium, U, 222, 0
Uranium, U, 223, 0
Uranium, U, 224, 0
Uranium, U, 225, 0
Uranium, U, 226, 0
Uranium, U, 227, 0
Uranium, U, 228, 0
Uranium, U, 229, 0
Uranium, U, 230, 0
Uranium, U, 231, 0
Uranium, U, 232, 0
Uranium, U, 233, 0
Uranium, U, 234, 0
Uranium, U, 235, 0
Uranium, U, 236, 0
Uranium, U, 237, 0
Uranium, U, 238, 0
Uranium, U, 239, 0
Uranium, U, 240, 0
Uranium, U, 241, 0
Uranium, U, 242, 0
Vanadium, V, 40, 0
Vanadium, V, 41, 0
Vanadium, V, 42, 0
Vanadium, V, 43, 0
Vanadium, V, 44, 0
Vanadium, V, 45, 0
Vanadium, V, 46, 0
Vanadium, V, 47, 0
Vanadium, V, 48, 0
Vanadium, V, 49, 0
Vanadium, V, 50, 0
Vanadium, V, 51, 0
Vanadium, V, 52, 0
Vanadium, V, 53, 0
Vanadium, V, 54, 0
Vanadium, V, 55, 0
Vanadium, V, 56, 0
Vanadium, V, 57, 0
Vanadium, V, 58, 0
Vanadium, V, 59, 0
Vanadium, V, 60, 0
Vanadium, V, 61, 0
Vanadium, V, 62, 0
Vanadium, V, 63, 0
Vanadium, V, 64, 0
Vanadium, V, 65, 0
Xenon, Xe, 110, 0
Xenon, Xe, 111, 0
Xenon, Xe, 112, 0
Xenon, Xe, 113, 0
Xenon, Xe, 114, 0
Xenon, Xe, 115, 0
Xenon, Xe, 116, 0
Xenon, Xe, 117, 0
Xenon, Xe, 118, 0
Xenon, Xe, 119, 0
Xenon, Xe, 120, 0
Xenon, Xe, 121, 0
Xenon, Xe, 122, 0
Xenon, Xe, 123, 0
Xenon, Xe, 124, 0
Xenon, Xe, 125, 0
Xenon, Xe, 126, 0
Xenon, Xe, 127, 0
Xenon, Xe, 128, 0
Xenon, Xe, 129, 0
Xenon, Xe, 130, 0
Xenon, Xe, 131, 0
Xenon, Xe, 132, 0
Xenon, Xe, 133, 0
Xenon, Xe, 134, 0
Xenon, Xe, 135, 0
Xenon, Xe, 136, 0
Xenon, Xe, 137, 0
Xenon, Xe, 138, 0
Xenon, Xe, 139, 0
Xenon, Xe, 140, 0
Xenon, Xe, 141, 0
Xenon, Xe, 142, 0
Xenon, Xe, 143, 0
Xenon, Xe, 144, 0
Xenon, Xe, 145, 0
Xenon, Xe, 146, 0
Xenon, Xe, 147, 0
Ytterbium, Yb, 148, 0
Ytterbium, Yb, 149, 0
Ytterbium, Yb, 150, 0
Ytterbium, Yb, 151, 0
Ytterbium, Yb, 152, 0
Ytterbium, Yb, 153, 0
Ytterbium, Yb, 154, 0
Ytterbium, Yb, 155, 0
Ytterbium, Yb, 156, 0
Ytterbium, Yb, 157, 0
Ytterbium, Yb, 158, 0
Ytterbium, Yb, 159, 0
Ytterbium, Yb, 160, 0
Ytterbium, Yb, 161, 0
Ytterbium, Yb, 162, 0
Ytterbium, Yb, 163, 0
Ytterbium, Yb, 164, 0
Ytterbium, Yb, 165, 0
Ytterbium, Yb, 166, 0
Ytterbium, Yb, 167, 0
Ytterbium, Yb, 168, 0
Ytterbium, Yb, 169, 0
Ytterbium, Yb, 170, 0
Ytterbium, Yb, 171, 0
Ytterbium, Yb, 172, 0
Ytterbium, Yb, 173, 0
Ytterbium, Yb, 174, 0
Ytterbium, Yb, 175, 0
Ytterbium, Yb, 176, 0
Ytterbium, Yb, 177, 0
Ytterbium, Yb, 178, 0
Ytterbium, Yb, 179, 0
Ytterbium, Yb, 180, 0
Ytterbium, Yb, 181, 0
Ytterbium, Yb, 182, 0
Yttrium, Y, 76, 0
Yttrium, Y, 77, 0
Yttrium, Y, 78, 0
Yttrium, Y, 79, 0
Yttrium, Y, 80, 0
Yttrium, Y, 81, 0
Yttrium, Y, 82, 0
Yttrium, Y, 83, 0
Yttrium, Y, 84, 0
Yttrium, Y, 85, 0
Yttrium, Y, 86, 0
Yttrium, Y, 87, 0
Yttrium, Y, 88, 0
Yttrium, Y, 89, 0
Yttrium, Y, 90, 0
Yttrium, Y, 91, 0
Yttrium, Y, 92, 0
Yttrium, Y, 93, 0
Yttrium, Y, 94, 0
Yttrium, Y, 95, 0
Yttrium, Y, 96, 0
Yttrium, Y, 97, 0
Yttrium, Y, 98, 0
Yttrium, Y, 99, 0
Yttrium, Y, 100, 0
Yttrium, Y, 101, 0
Yttrium, Y, 102, 0
Yttrium, Y, 103, 0
Yttrium, Y, 104, 0
Yttrium, Y, 105, 0
Yttrium, Y, 106, 0
Yttrium, Y, 107, 0
Yttrium, Y, 108, 0
Zinc, Zn, 54, 0
Zinc, Zn, 55, 0
Zinc, Zn, 56, 0
Zinc, Zn, 57, 0
Zinc, Zn, 58, 0
Zinc, Zn, 59, 0
Zinc, Zn, 60, 0
Zinc, Zn, 61, 0
Zinc, Zn, 62, 0
Zinc, Zn, 63, 0
Zinc, Zn, 64, 0
Zinc, Zn, 65, 0
Zinc, Zn, 66, 0
Zinc, Zn, 67, 0
Zinc, Zn, 68, 0
Zinc, Zn, 69, 0
Zinc, Zn, 70, 0
Zinc, Zn, 71, 0
Zinc, Zn, 72, 0
Zinc, Zn, 73, 0
Zinc, Zn, 74, 0
Zinc, Zn, 75, 0
Zinc, Zn, 76, 0
Zinc, Zn, 77, 0
Zinc, Zn, 78, 0
Zinc, Zn, 79, 0
Zinc, Zn, 80, 0
Zinc, Zn, 81, 0
Zinc, Zn, 82, 0
Zinc, Zn, 83, 0
Zirconium, Zr, 78, 0
Zirconium, Zr, 79, 0
Zirconium, Zr, 80, 0
Zirconium, Zr, 81, 0
Zirconium, Zr, 82, 0
Zirconium, Zr, 83, 0
Zirconium, Zr, 84, 0
Zirconium, Zr, 85, 0
Zirconium, Zr, 86, 0
Zirconium, Zr, 87, 0
Zirconium, Zr, 88, 0
Zirconium, Zr, 89, 0
Zirconium, Zr, 90, 0
Zirconium, Zr, 91, 0
Zirconium, Zr, 92, 0
Zirconium, Zr, 93, 0
Zirconium, Zr, 94, 0
Zirconium, Zr, 95, 0
Zirconium, Zr, 96, 0
Zirconium, Zr, 97, 0
Zirconium, Zr, 98, 0
Zirconium, Zr, 99, 0
Zirconium, Zr, 100, 0
Zirconium, Zr, 101, 0
Zirconium, Zr, 102, 0
Zirconium, Zr, 103, 0
Zirconium, Zr, 104, 0
Zirconium, Zr, 105, 0
Zirconium, Zr, 106, 0
Zirconium, Zr, 107, 0
Zirconium, Zr, 108, 0
Zirconium, Zr, 109, 0
Zirconium, Zr, 110, 0
